Wavelength [nm],Solar spectral irradiance [W/m\sp2\ep/nm]
0.5,0.00000199
1.5,0.00000133
2.5,0.00002476
3.5,0.00001619
4.5,0.00003012
5.5,0.00006913
6.5,0.00005941
7.5,0.00006792
8.5,0.00004127
9.5,0.00005189
10.5,0.00001891
11.5,0.00001379
12.5,0.00000873
13.5,0.00000838
14.5,0.00002267
15.5,0.00002062
16.5,0.000042
17.5,0.0001768
18.5,0.00007212
19.5,0.00006177
20.5,0.00002562
21.5,0.00001782
22.5,0.00003904
23.5,0.00002086
24.5,0.00004867
25.5,0.00007546
26.5,0.00001802
27.5,0.00003818
28.5,0.00002714
29.5,0.00001666
30.5,0.0004867
31.5,0.00006991
32.5,0.0000385
33.5,0.00003807
34.5,0.00004067
35.5,0.00003148
36.5,0.00004249
37.5,0.00001275
38.5,0.00000547
39.5,0.0000048
40.5,0.00000806
41.5,0.00000483
42.5,0.00000442
43.5,0.00000847
44.5,0.00000405
45.5,0.00000366
46.5,0.00001266
47.5,0.00000525
48.5,0.00000891
49.5,0.00001705
50.5,0.00001341
51.5,0.00000445
52.5,0.00000468
53.5,0.00000577
54.5,0.00000407
55.5,0.00001793
56.5,0.00000523
57.5,0.00000495
58.5,0.00002719
59.5,0.00000646
60.5,0.00001782
61.5,0.00000818
62.5,0.00003361
63.5,0.00000804
64.5,0.00000205
65.5,0.00000149
66.5,0.00000144
67.5,0.00000143
68.5,0.00000486
69.5,0.00000342
70.5,0.00000979
71.5,0.00000415
72.5,0.00000282
73.5,0.00000367
74.5,0.00000452
75.5,0.00000729
76.5,0.00001903
77.5,0.00001393
78.5,0.00002328
79.5,0.00001151
80.5,0.00001079
81.5,0.00001226
82.5,0.00001812
83.5,0.00003361
84.5,0.0000225
85.5,0.00002506
86.5,0.00002656
87.5,0.00003162
88.5,0.00003614
89.5,0.00004395
90.5,0.00005207
91.5,0.00004032
92.5,0.00001422
93.5,0.00001272
94.5,0.00000902
95.5,0.00000571
96.5,0.00000594
97.5,0.000102
98.5,0.00001202
99.5,0.00001855
100.5,0.00000755
101.5,0.00000873
102.5,0.00007169
103.5,0.00007455
104.5,0.00001205
105.5,0.0000102
106.5,0.00000974
107.5,0.00001036
108.5,0.00001729
109.5,0.00001163
110.5,0.00001241
111.5,0.00001279
112.5,0.00001213
113.5,0.00001088
114.5,0.00000736
115.5,0.0000121
116.5,0.00001368
117.5,0.00005026
118.5,0.0000154
119.5,0.00004652
119.55,0.00004485
119.6,0.00004273
119.65,0.00004144
119.7,0.0000412
119.75,0.00004208
119.8,0.00004394
119.85,0.00004636
119.9,0.00004876
119.95,0.00005054
120,0.00005114
120.05,0.00005028
120.1,0.00004826
120.15,0.00004581
120.2,0.00004365
120.25,0.00004259
120.3,0.00004588
120.35,0.00005933
120.4,0.00008741
120.45,0.0001325
120.5,0.000189
120.55,0.0002427
120.6,0.0002787
120.65,0.0002866
120.7,0.0002611
120.75,0.0002124
120.8,0.0001595
120.85,0.0001149
120.9,0.00008528
120.95,0.00007382
121,0.00007688
121.05,0.00008847
121.1,0.0001099
121.15,0.0001624
121.2,0.0003699
121.25,0.00108
121.3,0.002746
121.35,0.005602
121.4,0.009423
121.45,0.0135
121.5,0.01679
121.55,0.01821
121.6,0.01724
121.65,0.01427
121.7,0.0103
121.75,0.006427
121.8,0.003387
121.85,0.001506
121.9,0.0006257
121.95,0.0003032
122,0.000187
122.05,0.0001308
122.1,0.00009814
122.15,0.00007843
122.2,0.00006595
122.25,0.00005727
122.3,0.00005101
122.35,0.00004639
122.4,0.00004288
122.45,0.00004015
122.5,0.00003796
122.55,0.00003617
122.6,0.00003489
122.65,0.00003403
122.7,0.00003333
122.75,0.00003272
122.8,0.0000322
122.85,0.00003153
122.9,0.00003066
122.95,0.00002985
123,0.00002911
123.05,0.00002831
123.1,0.0000276
123.15,0.00002706
123.2,0.00002655
123.25,0.00002611
123.3,0.00002584
123.35,0.00002564
123.4,0.00002543
123.45,0.00002524
123.5,0.00002523
123.55,0.00002602
123.6,0.00002847
123.65,0.00003303
123.7,0.00003955
123.75,0.00004698
123.8,0.00005326
123.85,0.00005633
123.9,0.00005533
123.95,0.000051
124,0.00004526
124.05,0.00004046
124.1,0.0000382
124.15,0.00003842
124.2,0.00003965
124.25,0.00004016
124.3,0.00003881
124.35,0.00003529
124.4,0.00003057
124.45,0.00002614
124.5,0.0000229
124.55,0.00002106
124.6,0.00002042
124.65,0.00002046
124.7,0.00002054
124.75,0.00002042
124.8,0.0000202
124.85,0.00002003
124.9,0.00002002
124.95,0.00002012
125,0.00002017
125.05,0.0000202
125.1,0.00002024
125.15,0.00002043
125.2,0.00002103
125.25,0.00002204
125.3,0.00002312
125.35,0.00002403
125.4,0.00002463
125.45,0.00002468
125.5,0.00002438
125.55,0.00002417
125.6,0.00002409
125.65,0.00002445
125.7,0.0000257
125.75,0.00002809
125.8,0.00003178
125.85,0.00003645
125.9,0.00004106
125.95,0.0000444
126,0.00004544
126.05,0.00004351
126.1,0.00003894
126.15,0.00003341
126.2,0.00002953
126.25,0.0000296
126.3,0.00003429
126.35,0.0000426
126.4,0.00005212
126.45,0.00005921
126.5,0.00006093
126.55,0.0000567
126.6,0.00004838
126.65,0.0000386
126.7,0.00002953
126.75,0.00002267
126.8,0.00001857
126.85,0.00001645
126.9,0.00001532
126.95,0.00001484
127,0.00001479
127.05,0.00001485
127.1,0.00001483
127.15,0.00001473
127.2,0.00001472
127.25,0.00001511
127.3,0.00001613
127.35,0.00001781
127.4,0.00001992
127.45,0.00002206
127.5,0.00002393
127.55,0.00002524
127.6,0.00002586
127.65,0.00002602
127.7,0.00002581
127.75,0.00002533
127.8,0.00002479
127.85,0.00002433
127.9,0.00002383
127.95,0.00002312
128,0.00002204
128.05,0.00002051
128.1,0.00001859
128.15,0.00001652
128.2,0.00001467
128.25,0.00001325
128.3,0.00001234
128.35,0.00001183
128.4,0.00001163
128.45,0.00001169
128.5,0.00001204
128.55,0.00001288
128.6,0.00001435
128.65,0.00001645
128.7,0.00001891
128.75,0.00002132
128.8,0.00002319
128.85,0.00002403
128.9,0.00002375
128.95,0.0000225
129,0.00002062
129.05,0.00001859
129.1,0.00001677
129.15,0.00001534
129.2,0.00001451
129.25,0.00001442
129.3,0.00001502
129.35,0.00001625
129.4,0.00001794
129.45,0.00001966
129.5,0.00002101
129.55,0.0000218
129.6,0.00002205
129.65,0.00002201
129.7,0.00002208
129.75,0.00002264
129.8,0.0000238
129.85,0.00002621
129.9,0.00003262
129.95,0.0000464
130,0.00006869
130.05,0.00009744
130.1,0.0001276
130.15,0.0001532
130.2,0.0001715
130.25,0.0001838
130.3,0.0001963
130.35,0.0002171
130.4,0.0002458
130.45,0.0002731
130.5,0.0002876
130.55,0.0002812
130.6,0.0002501
130.65,0.0002006
130.7,0.0001474
130.75,0.0001027
130.8,0.00007213
130.85,0.00005557
130.9,0.00004891
130.95,0.00004626
131,0.00004345
131.05,0.00003954
131.1,0.00003518
131.15,0.00003109
131.2,0.00002776
131.25,0.00002524
131.3,0.00002322
131.35,0.00002169
131.4,0.00002095
131.45,0.00002115
131.5,0.00002219
131.55,0.00002384
131.6,0.0000256
131.65,0.00002701
131.7,0.00002794
131.75,0.00002837
131.8,0.00002811
131.85,0.00002712
131.9,0.00002546
131.95,0.00002316
132,0.00002053
132.05,0.00001833
132.1,0.00001697
132.15,0.00001663
132.2,0.00001726
132.25,0.0000184
132.3,0.00001938
132.35,0.0000199
132.4,0.00001988
132.45,0.0000194
132.5,0.0000188
132.55,0.00001846
132.6,0.00001857
132.65,0.00001938
132.7,0.00002101
132.75,0.0000232
132.8,0.00002547
132.85,0.00002724
132.9,0.00002794
132.95,0.00002728
133,0.00002553
133.05,0.00002344
133.1,0.00002397
133.15,0.00003371
133.2,0.00006142
133.25,0.0001149
133.3,0.0001963
133.35,0.0002978
133.4,0.0003997
133.45,0.0004737
133.5,0.0004987
133.55,0.0004682
133.6,0.00039
133.65,0.0002854
133.7,0.0001843
133.75,0.0001057
133.8,0.00005455
133.85,0.00002833
133.9,0.0000197
133.95,0.00001804
134,0.00001798
134.05,0.00001831
134.1,0.00001868
134.15,0.00001902
134.2,0.00001917
134.25,0.00001907
134.3,0.00001884
134.35,0.00001862
134.4,0.00001847
134.45,0.00001844
134.5,0.00001851
134.55,0.00001863
134.6,0.00001879
134.65,0.00001896
134.7,0.0000191
134.75,0.00001925
134.8,0.00001964
134.85,0.00002068
134.9,0.00002272
134.95,0.00002589
135,0.00002987
135.05,0.0000338
135.1,0.00003658
135.15,0.00003747
135.2,0.00003659
135.25,0.0000352
135.3,0.00003513
135.35,0.00003752
135.4,0.0000423
135.45,0.00004828
135.5,0.00005344
135.55,0.00005592
135.6,0.00005528
135.65,0.00005241
135.7,0.00004882
135.75,0.00004565
135.8,0.00004315
135.85,0.00004106
135.9,0.00003905
135.95,0.0000366
136,0.00003481
136.05,0.0000324
136.1,0.0000304
136.15,0.00002897
136.2,0.00002816
136.25,0.00002802
136.3,0.00002809
136.35,0.00002813
136.4,0.00002786
136.45,0.00002731
136.5,0.00002652
136.55,0.00002581
136.6,0.00002535
136.65,0.00002526
136.7,0.00002543
136.75,0.00002602
136.8,0.00002685
136.85,0.00002787
136.9,0.00002902
136.95,0.0000302
137,0.00003129
137.05,0.00003214
137.1,0.00003249
137.15,0.00003238
137.2,0.000032
137.25,0.00003125
137.3,0.00003042
137.35,0.00002977
137.4,0.00002929
137.45,0.00002888
137.5,0.00002865
137.55,0.00002841
137.6,0.00002825
137.65,0.00002803
137.7,0.00002798
137.75,0.0000281
137.8,0.00002842
137.85,0.00002888
137.9,0.00002957
137.95,0.00003021
138,0.00003072
138.05,0.00003094
138.1,0.0000309
138.15,0.00003052
138.2,0.00002993
138.25,0.00002914
138.3,0.00002856
138.35,0.00002821
138.4,0.00002811
138.45,0.00002818
138.5,0.00002865
138.55,0.00002922
138.6,0.00002986
138.65,0.00003041
138.7,0.00003084
138.75,0.0000312
138.8,0.00003138
138.85,0.00003134
138.9,0.00003132
138.95,0.00003153
139,0.00003276
139.05,0.00003902
139.1,0.00005303
139.15,0.00007561
139.2,0.0001045
139.25,0.0001345
139.3,0.0001577
139.35,0.0001689
139.4,0.0001653
139.45,0.000148
139.5,0.0001222
139.55,0.00009518
139.6,0.00007138
139.65,0.00005358
139.7,0.00004334
139.75,0.0000397
139.8,0.0000399
139.85,0.00004227
139.9,0.00004631
139.95,0.00005285
140,0.00006263
140.05,0.00007581
140.1,0.00009066
140.15,0.0001044
140.2,0.0001138
140.25,0.0001171
140.3,0.0001136
140.35,0.0001041
140.4,0.00009083
140.45,0.00007728
140.5,0.0000657
140.55,0.00005653
140.6,0.00005035
140.65,0.00004721
140.7,0.00004562
140.75,0.00004448
140.8,0.00004369
140.85,0.00004315
140.9,0.00004318
140.95,0.00004377
141,0.00004478
141.05,0.0000459
141.1,0.00004703
141.15,0.00004786
141.2,0.00004817
141.25,0.00004796
141.3,0.00004744
141.35,0.00004668
141.4,0.00004598
141.45,0.0000455
141.5,0.00004521
141.55,0.00004516
141.6,0.00004521
141.65,0.00004518
141.7,0.00004514
141.75,0.00004495
141.8,0.0000445
141.85,0.00004404
141.9,0.00004355
141.95,0.00004296
142,0.00004234
142.05,0.00004198
142.1,0.00004169
142.15,0.00004187
142.2,0.00004285
142.25,0.00004492
142.3,0.00004807
142.35,0.00005181
142.4,0.00005508
142.45,0.00005746
142.5,0.00005823
142.55,0.00005701
142.6,0.00005435
142.65,0.00005121
142.7,0.00004807
142.75,0.00004566
142.8,0.00004416
142.85,0.00004385
142.9,0.00004464
142.95,0.00004634
143,0.00004862
143.05,0.0000516
143.1,0.00005481
143.15,0.00005782
143.2,0.00006014
143.25,0.0000615
143.3,0.00006162
143.35,0.00006076
143.4,0.00005928
143.45,0.00005777
143.5,0.00005665
143.55,0.00005595
143.6,0.00005557
143.65,0.00005526
143.7,0.00005476
143.75,0.00005399
143.8,0.00005305
143.85,0.00005211
143.9,0.00005143
143.95,0.00005101
144,0.00005091
144.05,0.00005127
144.1,0.00005188
144.15,0.00005259
144.2,0.00005332
144.25,0.00005401
144.3,0.00005457
144.35,0.00005507
144.4,0.00005545
144.45,0.00005581
144.5,0.00005612
144.55,0.0000563
144.6,0.00005642
144.65,0.00005637
144.7,0.00005617
144.75,0.00005575
144.8,0.00005529
144.85,0.00005488
144.9,0.00005455
144.95,0.00005434
145,0.00005437
145.05,0.00005454
145.1,0.0000548
145.15,0.00005523
145.2,0.00005584
145.25,0.00005678
145.3,0.00005775
145.35,0.00005882
145.4,0.00005983
145.45,0.00006063
145.5,0.00006098
145.55,0.00006103
145.6,0.00006081
145.65,0.00006069
145.7,0.00006076
145.75,0.00006103
145.8,0.00006141
145.85,0.00006188
145.9,0.00006216
145.95,0.00006209
146,0.00006186
146.05,0.00006195
146.1,0.00006245
146.15,0.00006336
146.2,0.00006469
146.25,0.0000662
146.3,0.00006743
146.35,0.00006804
146.4,0.00006808
146.45,0.00006809
146.5,0.00006876
146.55,0.00007044
146.6,0.00007311
146.65,0.00007641
146.7,0.00007976
146.75,0.00008222
146.8,0.00008328
146.85,0.00008285
146.9,0.00008135
146.95,0.00007983
147,0.0000798
147.05,0.00008245
147.1,0.00008837
147.15,0.00009731
147.2,0.0001078
147.25,0.0001173
147.3,0.0001233
147.35,0.0001245
147.4,0.0001208
147.45,0.0001128
147.5,0.0001024
147.55,0.00009163
147.6,0.00008237
147.65,0.00007549
147.7,0.00007086
147.75,0.00006825
147.8,0.00006735
147.85,0.00006819
147.9,0.00007092
147.95,0.00007563
148,0.00008208
148.05,0.00008946
148.1,0.00009653
148.15,0.0001017
148.2,0.000104
148.25,0.0001032
148.3,0.0001004
148.35,0.00009641
148.4,0.00009269
148.45,0.00009018
148.5,0.00008951
148.55,0.00008968
148.6,0.00008996
148.65,0.0000896
148.7,0.00008837
148.75,0.00008614
148.8,0.00008344
148.85,0.0000807
148.9,0.00007859
148.95,0.00007731
149,0.00007695
149.05,0.00007729
149.1,0.0000782
149.15,0.00007932
149.2,0.00008047
149.25,0.00008141
149.3,0.00008203
149.35,0.00008201
149.4,0.00008158
149.45,0.00008085
149.5,0.0000799
149.55,0.00007913
149.6,0.00007877
149.65,0.00007869
149.7,0.00007915
149.75,0.00008015
149.8,0.00008144
149.85,0.00008312
149.9,0.00008498
149.95,0.00008675
150,0.00008834
150.05,0.00008951
150.1,0.00009015
150.15,0.0000903
150.2,0.00009006
150.25,0.00008963
150.3,0.00008911
150.35,0.0000884
150.4,0.00008776
150.45,0.00008725
150.5,0.00008693
150.55,0.00008668
150.6,0.00008678
150.65,0.00008718
150.7,0.00008777
150.75,0.00008854
150.8,0.00008999
150.85,0.0000921
150.9,0.00009459
150.95,0.00009729
151,0.00009967
151.05,0.0001012
151.1,0.0001015
151.15,0.0001008
151.2,0.00009906
151.25,0.00009699
151.3,0.00009502
151.35,0.00009349
151.4,0.00009258
151.45,0.00009233
151.5,0.00009254
151.55,0.00009291
151.6,0.00009324
151.65,0.00009346
151.7,0.0000938
151.75,0.00009399
151.8,0.00009425
151.85,0.00009468
151.9,0.0000953
151.95,0.00009594
152,0.00009677
152.05,0.00009773
152.1,0.0000989
152.15,0.0001
152.2,0.0001012
152.25,0.0001023
152.3,0.0001038
152.35,0.0001065
152.4,0.0001119
152.45,0.0001202
152.5,0.0001303
152.55,0.0001402
152.6,0.0001484
152.65,0.0001522
152.7,0.0001508
152.75,0.0001447
152.8,0.0001362
152.85,0.0001274
152.9,0.0001198
152.95,0.0001148
153,0.0001136
153.05,0.0001165
153.1,0.000123
153.15,0.0001326
153.2,0.0001438
153.25,0.000154
153.3,0.000161
153.35,0.0001628
153.4,0.0001594
153.45,0.0001521
153.5,0.0001438
153.55,0.0001365
153.6,0.0001314
153.65,0.0001284
153.7,0.000127
153.75,0.0001261
153.8,0.0001254
153.85,0.0001251
153.9,0.000126
153.95,0.0001284
154,0.0001314
154.05,0.000134
154.1,0.0001352
154.15,0.0001345
154.2,0.0001319
154.25,0.0001287
154.3,0.0001261
154.35,0.0001249
154.4,0.000125
154.45,0.0001286
154.5,0.0001431
154.55,0.0001742
154.6,0.0002223
154.65,0.0002833
154.7,0.0003475
154.75,0.0004026
154.8,0.0004404
154.85,0.0004562
154.9,0.0004485
154.95,0.0004241
155,0.0003908
155.05,0.0003527
155.1,0.0003124
155.15,0.0002726
155.2,0.0002348
155.25,0.0001997
155.3,0.0001687
155.35,0.0001444
155.4,0.00013
155.45,0.0001251
155.5,0.0001258
155.55,0.0001285
155.6,0.0001337
155.65,0.0001419
155.7,0.0001536
155.75,0.0001699
155.8,0.0001921
155.85,0.0002195
155.9,0.0002488
155.95,0.0002758
156,0.0002948
156.05,0.000302
156.1,0.0002957
156.15,0.0002775
156.2,0.0002518
156.25,0.0002246
156.3,0.0001995
156.35,0.0001796
156.4,0.000166
156.45,0.0001578
156.5,0.0001538
156.55,0.0001533
156.6,0.0001544
156.65,0.0001566
156.7,0.0001607
156.75,0.0001662
156.8,0.0001722
156.85,0.0001781
156.9,0.0001832
156.95,0.0001862
157,0.0001867
157.05,0.0001851
157.1,0.0001823
157.15,0.0001809
157.2,0.0001829
157.25,0.0001885
157.3,0.0001966
157.35,0.0002053
157.4,0.0002116
157.45,0.0002129
157.5,0.0002083
157.55,0.0001993
157.6,0.0001876
157.65,0.0001754
157.7,0.0001648
157.75,0.0001574
157.8,0.0001536
157.85,0.0001532
157.9,0.0001552
157.95,0.0001583
158,0.0001611
158.05,0.0001625
158.1,0.0001622
158.15,0.0001606
158.2,0.0001592
158.25,0.0001592
158.3,0.000161
158.35,0.0001645
158.4,0.0001689
158.45,0.0001725
158.5,0.0001749
158.55,0.0001766
158.6,0.0001781
158.65,0.0001797
158.7,0.0001822
158.75,0.0001846
158.8,0.0001865
158.85,0.000187
158.9,0.0001857
158.95,0.0001832
159,0.0001806
159.05,0.0001782
159.1,0.0001765
159.15,0.0001762
159.2,0.0001773
159.25,0.0001795
159.3,0.0001823
159.35,0.0001851
159.4,0.0001871
159.45,0.0001873
159.5,0.000185
159.55,0.0001807
159.6,0.0001751
159.65,0.0001692
159.7,0.0001644
159.75,0.0001612
159.8,0.0001602
159.85,0.0001616
159.9,0.0001649
159.95,0.0001701
160,0.0001769
160.05,0.0001843
160.1,0.0001913
160.15,0.0001969
160.2,0.0001998
160.25,0.0001999
160.3,0.0001974
160.35,0.000193
160.4,0.0001887
160.45,0.000185
160.5,0.0001827
160.55,0.0001828
160.6,0.0001855
160.65,0.0001896
160.7,0.0001944
160.75,0.0001998
160.8,0.0002051
160.85,0.00021
160.9,0.0002147
160.95,0.0002195
161,0.0002251
161.05,0.0002318
161.1,0.0002391
161.15,0.0002462
161.2,0.000252
161.25,0.000255
161.3,0.0002542
161.35,0.0002491
161.4,0.0002408
161.45,0.0002312
161.5,0.000222
161.55,0.0002147
161.6,0.0002113
161.65,0.0002113
161.7,0.0002136
161.75,0.0002166
161.8,0.0002197
161.85,0.0002225
161.9,0.0002254
161.95,0.0002288
162,0.0002341
162.05,0.00024791
162.1,0.00026112
162.15,0.00027413
162.2,0.00028614
162.25,0.00029651
162.3,0.00030572
162.35,0.00031462
162.4,0.00032332
162.45,0.00033239
162.5,0.00034078
162.55,0.00034673
162.6,0.00034978
162.65,0.00035046
162.7,0.00034985
162.75,0.00034986
162.8,0.00035064
162.85,0.00035263
162.9,0.00035496
162.95,0.0003579
163,0.0003604
163.05,0.00036356
163.1,0.00036955
163.15,0.00037928
163.2,0.00039045
163.25,0.00040142
163.3,0.00040969
163.35,0.0004131
163.4,0.00041188
163.45,0.00040838
163.5,0.00040497
163.55,0.00040367
163.6,0.00040536
163.65,0.00041034
163.7,0.00041922
163.75,0.00043373
163.8,0.00045276
163.85,0.00047544
163.9,0.00049891
163.95,0.0005184
164,0.00052914
164.05,0.00053127
164.1,0.00052363
164.15,0.00050968
164.2,0.00049534
164.25,0.0004835
164.3,0.00047446
164.35,0.00046793
164.4,0.00046147
164.45,0.00045222
164.5,0.00044121
164.55,0.00042988
164.6,0.00042109
164.65,0.00041597
164.7,0.00041477
164.75,0.00041523
164.8,0.00041633
164.85,0.0004164
164.9,0.00041488
164.95,0.0004108
165,0.00040475
165.05,0.00039759
165.1,0.00039266
165.15,0.00039119
165.2,0.00039426
165.25,0.00040361
165.3,0.0004233
165.35,0.00045978
165.4,0.00051917
165.45,0.00060476
165.5,0.00071632
165.55,0.00084267
165.6,0.00096472
165.65,0.00106017
165.7,0.00110896
165.75,0.00110063
165.8,0.0010389
165.85,0.00093657
165.9,0.00081549
165.95,0.00070016
166,0.00060639
166.05,0.00053989
166.1,0.00050018
166.15,0.00048052
166.2,0.00047181
166.25,0.00046787
166.3,0.00046583
166.35,0.00046428
166.4,0.00046225
166.45,0.00046084
166.5,0.00046061
166.55,0.00046036
166.6,0.00045885
166.65,0.00045697
166.7,0.00045533
166.75,0.00045736
166.8,0.00046841
166.85,0.00048912
166.9,0.00051547
166.95,0.00054432
167,0.00056703
167.05,0.00057245
167.1,0.00055988
167.15,0.00053452
167.2,0.00050374
167.25,0.0004776
167.3,0.00046044
167.35,0.00045422
167.4,0.00045809
167.45,0.00046674
167.5,0.00047418
167.55,0.00047946
167.6,0.00048296
167.65,0.00048597
167.7,0.00048797
167.75,0.00048901
167.8,0.00049024
167.85,0.00049183
167.9,0.00049337
167.95,0.00049499
168,0.00049659
168.05,0.00049752
168.1,0.00049752
168.15,0.00049664
168.2,0.00049546
168.25,0.00049556
168.3,0.0004995
168.35,0.00051012
168.4,0.00052705
168.45,0.00054867
168.5,0.00057174
168.55,0.0005924
168.6,0.00060693
168.65,0.00061401
168.7,0.00061437
168.75,0.00061138
168.8,0.00060833
168.85,0.00060899
168.9,0.00061485
168.95,0.00062651
169,0.00064246
169.05,0.00065875
169.1,0.0006725
169.15,0.00068434
169.2,0.00069435
169.25,0.0007024
169.3,0.00071021
169.35,0.00071941
169.4,0.00072979
169.45,0.00074117
169.5,0.00075194
169.55,0.00076129
169.6,0.00076866
169.65,0.00077463
169.7,0.00077769
169.75,0.00077752
169.8,0.00077558
169.85,0.0007758
169.9,0.00078103
169.95,0.00079199
170,0.00080905
170.05,0.00083037
170.1,0.0008505
170.15,0.00086328
170.2,0.00086666
170.25,0.00086025
170.3,0.000846
170.35,0.00082726
170.4,0.00080757
170.45,0.00078891
170.5,0.00077487
170.55,0.00076637
170.6,0.00076417
170.65,0.00076869
170.7,0.00077937
170.75,0.00079512
170.8,0.00081406
170.85,0.00083126
170.9,0.00084263
170.95,0.0008457
171,0.00084177
171.05,0.00083136
171.1,0.00081599
171.15,0.00079957
171.2,0.00078468
171.25,0.00077171
171.3,0.00076174
171.35,0.00075583
171.4,0.00075517
171.45,0.00076194
171.5,0.00077732
171.55,0.00079828
171.6,0.00082156
171.65,0.00084329
171.7,0.00086036
171.75,0.00086975
171.8,0.00087309
171.85,0.00087429
171.9,0.00087673
171.95,0.00087933
172,0.00088144
172.05,0.0008807
172.1,0.00087483
172.15,0.00086374
172.2,0.00085171
172.25,0.00084314
172.3,0.00083941
172.35,0.00084221
172.4,0.00085015
172.45,0.00086023
172.5,0.00086888
172.55,0.00087351
172.6,0.0008735
172.65,0.00086887
172.7,0.0008579
172.75,0.0008408
172.8,0.0008199
172.85,0.00079753
172.9,0.00077576
172.95,0.00075784
173,0.00074759
173.05,0.00074804
173.1,0.00075821
173.15,0.00077473
173.2,0.00079436
173.25,0.00081344
173.3,0.00082971
173.35,0.00084157
173.4,0.00085029
173.45,0.00085722
173.5,0.0008634
173.55,0.00086862
173.6,0.00087293
173.65,0.00087749
173.7,0.00088243
173.75,0.00088833
173.8,0.00089466
173.85,0.00090267
173.9,0.00091299
173.95,0.00092622
174,0.00094157
174.05,0.00095944
174.1,0.00097784
174.15,0.00099656
174.2,0.00101432
174.25,0.00103029
174.3,0.00104353
174.35,0.00105443
174.4,0.00106052
174.45,0.00106119
174.5,0.00105387
174.55,0.00103775
174.6,0.00101556
174.65,0.00099148
174.7,0.00096994
174.75,0.00095593
174.8,0.00095344
174.85,0.00096443
174.9,0.00098699
174.95,0.00101747
175,0.0010523
175.05,0.00108545
175.1,0.00111521
175.15,0.00113733
175.2,0.00115406
175.25,0.00116796
175.3,0.00118044
175.35,0.00119213
175.4,0.00120366
175.45,0.00121358
175.5,0.0012216
175.55,0.00122537
175.6,0.0012275
175.65,0.00122865
175.7,0.00122977
175.75,0.00123317
175.8,0.001237
175.85,0.00124254
175.9,0.001249
175.95,0.00125767
176,0.00126496
176.05,0.00127035
176.1,0.00127176
176.15,0.00126713
176.2,0.00125643
176.25,0.00124066
176.3,0.00121981
176.35,0.00119844
176.4,0.00118305
176.45,0.00117823
176.5,0.00118859
176.55,0.00121676
176.6,0.00125906
176.65,0.00130639
176.7,0.00135045
176.75,0.00138233
176.8,0.0014005
176.85,0.00140998
176.9,0.00141892
176.95,0.0014344
177,0.00146447
177.05,0.00151001
177.1,0.00156823
177.15,0.00162554
177.2,0.00167022
177.25,0.00169045
177.3,0.00168158
177.35,0.00164312
177.4,0.00158296
177.45,0.00151219
177.5,0.00144683
177.55,0.00139764
177.6,0.00137018
177.65,0.00137084
177.7,0.00139142
177.75,0.00142792
177.8,0.00147438
177.85,0.00152016
177.9,0.0015577
177.95,0.00158119
178,0.00159021
178.05,0.00158545
178.1,0.00157054
178.15,0.00155089
178.2,0.00153773
178.25,0.00154026
178.3,0.00156138
178.35,0.00159637
178.4,0.00163855
178.45,0.00167882
178.5,0.00171082
178.55,0.00172694
178.6,0.00172859
178.65,0.0017232
178.7,0.00171714
178.75,0.00171567
178.8,0.00171985
178.85,0.00173292
178.9,0.00175323
178.95,0.00177503
179,0.00178719
179.05,0.00178433
179.1,0.00176345
179.15,0.00172356
179.2,0.00167175
179.25,0.00161607
179.3,0.00156563
179.35,0.00152991
179.4,0.00151397
179.45,0.00151672
179.5,0.00153301
179.55,0.00155774
179.6,0.0015837
179.65,0.00160773
179.7,0.00163054
179.75,0.00165497
179.8,0.00168141
179.85,0.0017123
179.9,0.00174491
179.95,0.00177748
180,0.0018061
180.05,0.00183621
180.1,0.0018543
180.15,0.00186209
180.2,0.0018655
180.25,0.00186631
180.3,0.0018694
180.35,0.00187551
180.4,0.00188335
180.45,0.00189537
180.5,0.00191382
180.55,0.00194874
180.6,0.00200102
180.65,0.00207965
180.7,0.00218647
180.75,0.00229395
180.8,0.00234538
180.85,0.00231586
180.9,0.00222781
180.95,0.00212675
181,0.0020419
181.05,0.00197419
181.1,0.00192353
181.15,0.0018908
181.2,0.00186565
181.25,0.0018391
181.3,0.00181335
181.35,0.00180153
181.4,0.00183154
181.45,0.00193308
181.5,0.00213172
181.55,0.0024346
181.6,0.00279528
181.65,0.00310924
181.7,0.00327393
181.75,0.00326214
181.8,0.00309468
181.85,0.00282716
181.9,0.00254011
181.95,0.00230188
182,0.00215282
182.05,0.0020925
182.1,0.00210401
182.15,0.00215654
182.2,0.00222992
182.25,0.00230665
182.3,0.00237273
182.35,0.00241529
182.4,0.00242589
182.45,0.00240529
182.5,0.00235723
182.55,0.00228726
182.6,0.00221612
182.65,0.0021597
182.7,0.00212666
182.75,0.00211495
182.8,0.00211876
182.85,0.00213034
182.9,0.00214677
182.95,0.00216322
183,0.00217797
183.05,0.00219558
183.1,0.00221875
183.15,0.00224777
183.2,0.00228002
183.25,0.0023138
183.3,0.0023493
183.35,0.0023818
183.4,0.00240945
183.45,0.00242673
183.5,0.00242676
183.55,0.00240769
183.6,0.00238321
183.65,0.00236978
183.7,0.00237407
183.75,0.00239084
183.8,0.00240863
183.85,0.00241807
183.9,0.00240196
183.95,0.00234979
184,0.00226954
184.05,0.002183
184.1,0.00211101
184.15,0.00206184
184.2,0.00204395
184.25,0.00206056
184.3,0.00209354
184.35,0.00211759
184.4,0.00211849
184.45,0.00209825
184.5,0.00206092
184.55,0.00201397
184.6,0.00196088
184.65,0.00190525
184.7,0.00185664
184.75,0.00183351
184.8,0.00184582
184.85,0.00189119
184.9,0.00194461
184.95,0.00198055
185,0.00198893
185.05,0.00197226
185.1,0.0019369
185.15,0.00190923
185.2,0.00191644
185.25,0.0019782
185.3,0.00208848
185.35,0.00223099
185.4,0.00238369
185.45,0.00251964
185.5,0.0026175
185.55,0.00266354
185.6,0.00266269
185.65,0.00262585
185.7,0.00256714
185.75,0.00250267
185.8,0.00244771
185.85,0.00240893
185.9,0.00238718
185.95,0.00238252
186,0.0023966
186.05,0.00242549
186.1,0.00246215
186.15,0.00250243
186.2,0.00254509
186.25,0.00258199
186.3,0.00260289
186.35,0.00259309
186.4,0.00255741
186.45,0.0025149
186.5,0.00249098
186.55,0.00249898
186.6,0.00254638
186.65,0.00263808
186.7,0.00275942
186.75,0.00287857
186.8,0.00296961
186.85,0.00303142
186.9,0.00307723
186.95,0.0031155
187,0.00314605
187.05,0.00316118
187.1,0.00316136
187.15,0.00314934
187.2,0.00312965
187.25,0.00310591
187.3,0.00308653
187.35,0.00307903
187.4,0.0030803
187.45,0.00308117
187.5,0.00307207
187.55,0.00305237
187.6,0.0030272
187.65,0.00300455
187.7,0.00298377
187.75,0.00296418
187.8,0.00294143
187.85,0.00291361
187.9,0.00288329
187.95,0.00285401
188,0.00283491
188.05,0.00282848
188.1,0.00284192
188.15,0.0028845
188.2,0.00296764
188.25,0.00308126
188.3,0.003196
188.35,0.00327924
188.4,0.00332356
188.45,0.00334442
188.5,0.00335644
188.55,0.00335822
188.6,0.00334871
188.65,0.00332824
188.7,0.00330288
188.75,0.0032852
188.8,0.00328196
188.85,0.00329901
188.9,0.00334211
188.95,0.00340513
189,0.00348044
189.05,0.00355674
189.1,0.00362275
189.15,0.0036681
189.2,0.00368803
189.25,0.00367977
189.3,0.0036554
189.35,0.00363195
189.4,0.00361588
189.45,0.0035988
189.5,0.00357703
189.55,0.00354966
189.6,0.00351483
189.65,0.00346648
189.7,0.00340577
189.75,0.00333647
189.8,0.00326992
189.85,0.0032224
189.9,0.00321055
189.95,0.00323531
190,0.00327935
190.05,0.00331916
190.1,0.00335203
190.15,0.0033959
190.2,0.00346977
190.25,0.00356819
190.3,0.00366776
190.35,0.003746
190.4,0.00379564
190.45,0.00381623
190.5,0.00381009
190.55,0.00379479
190.6,0.00378796
190.65,0.00380448
190.7,0.00384679
190.75,0.0039085
190.8,0.00397856
190.85,0.00403396
190.9,0.00404527
190.95,0.00401161
191,0.00395389
191.05,0.00389282
191.1,0.00384865
191.15,0.00383501
191.2,0.00385605
191.25,0.00390763
191.3,0.00397791
191.35,0.00405283
191.4,0.00412666
191.45,0.00420169
191.5,0.00427594
191.55,0.00432654
191.6,0.0043292
191.65,0.00427835
191.7,0.00420275
191.75,0.00413724
191.8,0.00410861
191.85,0.00412767
191.9,0.00419717
191.95,0.00430467
192,0.00442511
192.05,0.00453289
192.1,0.00460768
192.15,0.00463189
192.2,0.0046048
192.25,0.00454676
192.3,0.00448191
192.35,0.00443152
192.4,0.00439462
192.45,0.00436155
192.5,0.00433521
192.55,0.00431551
192.6,0.00430458
192.65,0.00430285
192.7,0.00430612
192.75,0.00430354
192.8,0.00427687
192.85,0.00419865
192.9,0.00404943
192.95,0.00383815
193,0.00359588
193.05,0.00335779
193.1,0.00315777
193.15,0.00302291
193.2,0.00296706
193.25,0.00297418
193.3,0.00301262
193.35,0.00304834
193.4,0.00305432
193.45,0.00301478
193.5,0.00293636
193.55,0.00286109
193.6,0.00283753
193.65,0.00290366
193.7,0.00307321
193.75,0.00334473
193.8,0.0036891
193.85,0.00404778
193.9,0.0043651
193.95,0.00461971
194,0.00482678
194.05,0.00502408
194.1,0.00521778
194.15,0.00540349
194.2,0.00557334
194.25,0.00569873
194.3,0.00575078
194.35,0.0057216
194.4,0.00562959
194.45,0.0055118
194.5,0.00540746
194.55,0.00534303
194.6,0.00533717
194.65,0.00539431
194.7,0.00550019
194.75,0.00563684
194.8,0.00576915
194.85,0.00585178
194.9,0.00584978
194.95,0.0057641
195,0.00561251
195.05,0.00542338
195.1,0.00524168
195.15,0.00511482
195.2,0.00506036
195.25,0.00507517
195.3,0.00515221
195.35,0.00526624
195.4,0.0053798
195.45,0.00545902
195.5,0.00549063
195.55,0.00549078
195.6,0.00549025
195.65,0.00549587
195.7,0.0055039
195.75,0.00551255
195.8,0.00552787
195.85,0.00556371
195.9,0.00562001
195.95,0.00566542
196,0.00566444
196.05,0.00560346
196.1,0.00551238
196.15,0.00542628
196.2,0.00537498
196.25,0.00537444
196.3,0.00543633
196.35,0.00555762
196.4,0.00572208
196.45,0.00591301
196.5,0.00611336
196.55,0.00630243
196.6,0.00646381
196.65,0.00659017
196.7,0.00668836
196.75,0.00675645
196.8,0.00678765
196.85,0.0067761
196.9,0.00672352
196.95,0.00663913
197,0.00653703
197.05,0.00642965
197.1,0.00634007
197.15,0.00628174
197.2,0.0062556
197.25,0.00624089
197.3,0.00621395
197.35,0.00616686
197.4,0.0061138
197.45,0.00606213
197.5,0.00601621
197.55,0.0059794
197.6,0.00595035
197.65,0.00592934
197.7,0.00592035
197.75,0.00592322
197.8,0.00593214
197.85,0.00594127
197.9,0.00595904
197.95,0.00601207
198,0.00612612
198.05,0.00628465
198.1,0.00643479
198.15,0.00652951
198.2,0.00655988
198.25,0.00654893
198.3,0.00652195
198.35,0.00648149
198.4,0.00641714
198.45,0.00633053
198.5,0.00622241
198.55,0.00609162
198.6,0.00594442
198.65,0.00580443
198.7,0.00570937
198.75,0.0056748
198.8,0.00569102
198.85,0.00574358
198.9,0.00581518
198.95,0.0058997
199,0.00599176
199.05,0.00609819
199.1,0.0062376
199.15,0.00641922
199.2,0.00661938
199.25,0.00679432
199.3,0.00691207
199.35,0.00696574
199.4,0.00696769
199.45,0.00692497
199.5,0.0068513
199.55,0.00675887
199.6,0.00667137
199.65,0.00661154
199.7,0.00659823
199.75,0.00663019
199.8,0.0066836
199.85,0.00672647
199.9,0.00675416
199.95,0.00677017
200,0.00678089
200.05,0.00680262
200.1,0.00683484
200.15,0.00688593
200.2,0.00696389
200.25,0.00702818
200.3,0.00707683
200.35,0.00710132
200.4,0.00709023
200.45,0.00707385
200.5,0.00711325
200.55,0.00722501
200.6,0.00734779
200.65,0.00742047
200.7,0.00743952
200.75,0.00744274
200.8,0.00746813
200.85,0.00751738
200.9,0.00758959
200.95,0.00767612
201,0.00772309
201.05,0.007688
201.1,0.00759654
201.15,0.00755627
201.2,0.00764768
201.25,0.00780693
201.3,0.00792901
201.35,0.00796596
201.4,0.00792594
201.45,0.00786022
201.5,0.00780961
201.55,0.00778595
201.6,0.0078011
201.65,0.00786279
201.7,0.00796973
201.75,0.00810823
201.8,0.00822771
201.85,0.00826936
201.9,0.00823807
201.95,0.00818912
202,0.00815332
202.05,0.00811989
202.1,0.00806925
202.15,0.00798758
202.2,0.00789694
202.25,0.0078816
202.3,0.00798809
202.35,0.00812724
202.4,0.00817211
202.45,0.00805461
202.5,0.00781219
202.55,0.00755857
202.6,0.00736024
202.65,0.00730951
202.7,0.00751258
202.75,0.00787379
202.8,0.008187
202.85,0.00836706
202.9,0.00843379
202.95,0.0084566
203,0.00852405
203.05,0.00867634
203.1,0.00888026
203.15,0.00904129
203.2,0.00909256
203.25,0.0090491
203.3,0.00891351
203.35,0.00871711
203.4,0.00858997
203.45,0.00860709
203.5,0.00874564
203.55,0.00898011
203.6,0.00925699
203.65,0.00947719
203.7,0.0095912
203.75,0.00962945
203.8,0.00961558
203.85,0.00953125
203.9,0.0093899
203.95,0.00926454
204,0.00923172
204.05,0.00932504
204.1,0.00950747
204.15,0.00972223
204.2,0.00993568
204.25,0.01008644
204.3,0.01011765
204.35,0.01004614
204.4,0.0099287
204.45,0.0098359
204.5,0.00984763
204.55,0.00998741
204.6,0.01019376
204.65,0.01035313
204.7,0.01036356
204.75,0.0102564
204.8,0.01016909
204.85,0.01019413
204.9,0.01029641
204.95,0.01037989
205,0.01043993
205.05,0.01050931
205.1,0.01057122
205.15,0.0106112
205.2,0.01063366
205.25,0.01064685
205.3,0.01065561
205.35,0.01063421
205.4,0.01054506
205.45,0.01038517
205.5,0.01018481
205.55,0.01000439
205.6,0.00992588
205.65,0.00999997
205.7,0.01015448
205.75,0.01022147
205.8,0.01013561
205.85,0.01004031
205.9,0.01007576
205.95,0.01023533
206,0.01041863
206.05,0.01050764
206.1,0.01046692
206.15,0.01031303
206.2,0.01012798
206.25,0.01007433
206.3,0.01021554
206.35,0.0104287
206.4,0.01058755
206.45,0.01069453
206.5,0.01077364
206.55,0.01079026
206.6,0.01076547
206.65,0.01080739
206.7,0.01094275
206.75,0.01107925
206.8,0.01115167
206.85,0.01117096
206.9,0.01118375
206.95,0.01122479
207,0.01131142
207.05,0.0114625
207.1,0.01162626
207.15,0.01173113
207.2,0.01178683
207.25,0.01185679
207.3,0.01198691
207.35,0.01213056
207.4,0.01223455
207.45,0.01231624
207.5,0.01239643
207.55,0.01249926
207.6,0.01261563
207.65,0.01271574
207.7,0.01280411
207.75,0.01283029
207.8,0.01277487
207.85,0.01273016
207.9,0.01276403
207.95,0.01287838
208,0.01300562
208.05,0.01304035
208.1,0.01298523
208.15,0.01293664
208.2,0.01293302
208.25,0.01293951
208.3,0.0130112
208.35,0.01319651
208.4,0.01333253
208.45,0.01337213
208.5,0.01352447
208.55,0.01392979
208.6,0.01452024
208.65,0.01510994
208.7,0.0155076
208.75,0.01574854
208.8,0.01614551
208.85,0.01666799
208.9,0.0168813
208.95,0.01671547
209,0.01655299
209.05,0.01665807
209.1,0.01700629
209.15,0.01751462
209.2,0.01813654
209.25,0.01902468
209.3,0.02011689
209.35,0.02069142
209.4,0.02036546
209.45,0.01983769
209.5,0.01995914
209.55,0.02083017
209.6,0.02187492
209.65,0.02250664
209.7,0.02283013
209.75,0.02332033
209.8,0.02403508
209.85,0.0244382
209.9,0.0241562
209.95,0.02345286
210,0.02285785
210.05,0.0230637
210.1,0.02443164
210.15,0.02642908
210.2,0.02801293
210.25,0.02806859
210.3,0.02642221
210.35,0.02457315
210.4,0.02411478
210.45,0.02546823
210.5,0.02801159
210.55,0.03030314
210.6,0.03132779
210.65,0.03119885
210.7,0.03060398
210.75,0.03003047
210.8,0.02912624
210.85,0.02765156
210.9,0.02616748
210.95,0.02536729
211,0.02548609
211.05,0.02639132
211.1,0.02812933
211.15,0.03065002
211.2,0.03311717
211.25,0.03434357
211.3,0.03390971
211.35,0.03253748
211.4,0.03128014
211.45,0.03047021
211.5,0.03006992
211.55,0.03070835
211.6,0.03286562
211.65,0.0355825
211.7,0.03750049
211.75,0.03809841
211.8,0.03739262
211.85,0.03603071
211.9,0.03530695
211.95,0.03611942
212,0.03818682
212.05,0.03969582
212.1,0.03902858
212.15,0.03673312
212.2,0.03405473
212.25,0.03157333
212.3,0.02923341
212.35,0.02679921
212.4,0.02464743
212.45,0.02344973
212.5,0.02363546
212.55,0.02503393
212.6,0.02703957
212.65,0.02915935
212.7,0.03071136
212.75,0.0313364
212.8,0.03142989
212.85,0.03131321
212.9,0.03100663
212.95,0.03013716
213,0.02861322
213.05,0.02720915
213.1,0.02672075
213.15,0.02731385
213.2,0.02819178
213.25,0.02861436
213.3,0.02891744
213.35,0.02945966
213.4,0.02977513
213.45,0.02942856
213.5,0.02884267
213.55,0.02882677
213.6,0.02978319
213.65,0.03147869
213.7,0.03349812
213.75,0.03495835
213.8,0.03448941
213.85,0.03237309
213.9,0.03064962
213.95,0.03058615
214,0.03231964
214.05,0.03561522
214.1,0.03946641
214.15,0.04232362
214.2,0.04333775
214.25,0.04312599
214.3,0.04290616
214.35,0.0430866
214.4,0.04325131
214.45,0.0426765
214.5,0.04119682
214.55,0.03943546
214.6,0.03789502
214.65,0.03690441
214.7,0.03657024
214.75,0.0367482
214.8,0.03739578
214.85,0.03838998
214.9,0.03941617
214.95,0.04008765
215,0.03998574
215.05,0.03869075
215.1,0.03640652
215.15,0.03466166
215.2,0.03461846
215.25,0.03559286
215.3,0.0369933
215.35,0.03867203
215.4,0.03968914
215.45,0.039359
215.5,0.03803333
215.55,0.03643003
215.6,0.03483017
215.65,0.03320458
215.7,0.03161296
215.75,0.02986452
215.8,0.02816962
215.85,0.02725432
215.9,0.02722363
215.95,0.02792543
216,0.02950347
216.05,0.03189962
216.1,0.03430784
216.15,0.03553344
216.2,0.0353094
216.25,0.03460344
216.3,0.03428715
216.35,0.0342546
216.4,0.03389044
216.45,0.03312264
216.5,0.03233054
216.55,0.03125389
216.6,0.02931852
216.65,0.02691664
216.7,0.02535243
216.75,0.02528308
216.8,0.02628822
216.85,0.02766974
216.9,0.02851512
216.95,0.02841093
217,0.02835156
217.05,0.02940007
217.1,0.03115374
217.15,0.03254955
217.2,0.03351789
217.25,0.03448867
217.3,0.03497701
217.35,0.03443952
217.4,0.03341801
217.45,0.03251031
217.5,0.03185924
217.55,0.03203671
217.6,0.03326307
217.65,0.03464725
217.7,0.03539352
217.75,0.03518194
217.8,0.03444803
217.85,0.03465645
217.9,0.03671446
217.95,0.04032626
218,0.04432832
218.05,0.04715871
218.1,0.04851898
218.15,0.0494011
218.2,0.05041831
218.25,0.05144449
218.3,0.05169452
218.35,0.0504086
218.4,0.04790443
218.45,0.04566076
218.5,0.04534961
218.55,0.04666098
218.6,0.04740128
218.65,0.04588042
218.7,0.04262245
218.75,0.04010516
218.8,0.04018461
218.85,0.042047
218.9,0.04335686
218.95,0.0434309
219,0.04360613
219.05,0.04445274
219.1,0.0449817
219.15,0.04459706
219.2,0.0440267
219.25,0.04484695
219.3,0.04788197
219.35,0.05135416
219.4,0.05280462
219.45,0.05197172
219.5,0.04969033
219.55,0.0464742
219.6,0.04380852
219.65,0.04320648
219.7,0.04464578
219.75,0.04762347
219.8,0.05110411
219.85,0.05380492
219.9,0.05500644
219.95,0.05430928
220,0.05193046
220.05,0.04884577
220.1,0.04609809
220.15,0.04509567
220.2,0.04713271
220.25,0.05113155
220.3,0.0546236
220.35,0.05689296
220.4,0.05786204
220.45,0.05712586
220.5,0.05561079
220.55,0.05436242
220.6,0.05300871
220.65,0.05065743
220.7,0.04766145
220.75,0.04505606
220.8,0.04263848
220.85,0.04038341
220.9,0.03928161
220.95,0.03905597
221,0.03798018
221.05,0.03527273
221.1,0.03226104
221.15,0.03069112
221.2,0.03105881
221.25,0.03332618
221.3,0.03687932
221.35,0.03978338
221.4,0.04073281
221.45,0.04060021
221.5,0.04054322
221.55,0.04015873
221.6,0.03843022
221.65,0.03566551
221.7,0.033205
221.75,0.03209854
221.8,0.03250402
221.85,0.03397412
221.9,0.03666355
221.95,0.0403714
222,0.04358138
222.05,0.04549128
222.1,0.04671173
222.15,0.04790265
222.2,0.04863607
222.25,0.04827553
222.3,0.04731538
222.35,0.04690886
222.4,0.04759874
222.45,0.04856042
222.5,0.04891799
222.55,0.04893514
222.6,0.04895388
222.65,0.04864072
222.7,0.0480406
222.75,0.04786136
222.8,0.04871498
222.85,0.05063051
222.9,0.05272478
222.95,0.05392672
223,0.0539034
223.05,0.05304254
223.1,0.05223525
223.15,0.05265444
223.2,0.05517515
223.25,0.05983153
223.3,0.06525499
223.35,0.06929282
223.4,0.07097362
223.45,0.07084421
223.5,0.07033064
223.55,0.07052926
223.6,0.07090829
223.65,0.07037666
223.7,0.06866579
223.75,0.06618263
223.8,0.06358399
223.85,0.06163046
223.9,0.06137749
223.95,0.06306461
224,0.06462535
224.05,0.06413778
224.1,0.06194846
224.15,0.05936908
224.2,0.05756837
224.25,0.05655909
224.3,0.05549631
224.35,0.05417707
224.4,0.05317418
224.45,0.05293905
224.5,0.05359626
224.55,0.05533036
224.6,0.05750782
224.65,0.05895268
224.7,0.0599267
224.75,0.06118059
224.8,0.06201221
224.85,0.06103697
224.9,0.05831561
224.95,0.05561992
225,0.05421476
225.05,0.05367622
225.1,0.05300131
225.15,0.05240273
225.2,0.05279775
225.25,0.05370384
225.3,0.05345658
225.35,0.05153733
225.4,0.04948412
225.45,0.04910202
225.5,0.04988154
225.55,0.04971718
225.6,0.04827248
225.65,0.04696454
225.7,0.04689087
225.75,0.04766477
225.8,0.04796859
225.85,0.04764701
225.9,0.04744259
225.95,0.04668014
226,0.04441598
226.05,0.04172402
226.1,0.04043503
226.15,0.04093008
226.2,0.04193169
226.25,0.0422527
226.3,0.04139317
226.35,0.0395414
226.4,0.0375766
226.45,0.03593666
226.5,0.03438582
226.55,0.03289944
226.6,0.03189635
226.65,0.03143986
226.7,0.03103257
226.75,0.03040595
226.8,0.02980936
226.85,0.02934262
226.9,0.02886818
226.95,0.02845626
227,0.02822447
227.05,0.02818302
227.1,0.02831339
227.15,0.02866308
227.2,0.02923704
227.25,0.03001106
227.3,0.0308467
227.35,0.03140399
227.4,0.0316805
227.45,0.03218098
227.5,0.03309344
227.55,0.03394254
227.6,0.03446823
227.65,0.03525324
227.7,0.03684203
227.75,0.03864915
227.8,0.0400461
227.85,0.04118609
227.9,0.0421825
227.95,0.04289064
228,0.04334997
228.05,0.04427875
228.1,0.04646486
228.15,0.04932635
228.2,0.05162622
228.25,0.05280787
228.3,0.05231871
228.35,0.05058223
228.4,0.04960628
228.45,0.05032859
228.5,0.05205698
228.55,0.05342833
228.6,0.05285036
228.65,0.0503447
228.7,0.04748044
228.75,0.04546642
228.8,0.04531528
228.85,0.04691307
228.9,0.04827398
228.95,0.04785058
229,0.0459929
229.05,0.04414569
229.1,0.04315178
229.15,0.04299744
229.2,0.04334709
229.25,0.04373144
229.3,0.04404911
229.35,0.04428835
229.4,0.04436262
229.45,0.04432349
229.5,0.0445256
229.55,0.04541559
229.6,0.04638099
229.65,0.04565588
229.7,0.04258202
229.75,0.03913049
229.8,0.03724344
229.85,0.03697434
229.9,0.03772707
229.95,0.03878916
230,0.03964474
230.05,0.04025008
230.1,0.04105625
230.15,0.04249693
230.2,0.04420336
230.25,0.04524054
230.3,0.04480905
230.35,0.04377847
230.4,0.04410073
230.45,0.04601614
230.5,0.04873709
230.55,0.05216271
230.6,0.05576675
230.65,0.05814259
230.7,0.05846711
230.75,0.05711832
230.8,0.05520253
230.85,0.05342445
230.9,0.05142783
230.95,0.04887755
231,0.04630146
231.05,0.04421257
231.1,0.04238139
231.15,0.04061668
231.2,0.03938808
231.25,0.03885017
231.3,0.0385792
231.35,0.03862874
231.4,0.03968232
231.45,0.04231509
231.5,0.0457614
231.55,0.04838874
231.6,0.04932684
231.65,0.04880835
231.7,0.04790334
231.75,0.04753013
231.8,0.04792481
231.85,0.04875382
231.9,0.04901786
231.95,0.04777642
232,0.04527771
232.05,0.04295392
232.1,0.04212342
232.15,0.04271391
232.2,0.04410629
232.25,0.04712662
232.3,0.05222846
232.35,0.0572329
232.4,0.05989356
232.45,0.05967647
232.5,0.05657632
232.55,0.05139604
232.6,0.04645895
232.65,0.04342814
232.7,0.04218995
232.75,0.04218677
232.8,0.04316626
232.85,0.0452016
232.9,0.04757576
232.95,0.04893758
233,0.04884591
233.05,0.04761848
233.1,0.04550464
233.15,0.04281762
233.2,0.04026501
233.25,0.03839684
233.3,0.03724906
233.35,0.03705181
233.4,0.03815132
233.45,0.03989975
233.5,0.04150556
233.55,0.04313763
233.6,0.04441386
233.65,0.04388882
233.7,0.04131236
233.75,0.03797173
233.8,0.0347833
233.85,0.03248968
233.9,0.03169385
233.95,0.03201759
234,0.03288936
234.05,0.03408369
234.1,0.03540339
234.15,0.03646323
234.2,0.03689815
234.25,0.03627235
234.3,0.03420358
234.35,0.03132086
234.4,0.0288516
234.45,0.02759923
234.5,0.02771961
234.55,0.02861252
234.6,0.02956715
234.65,0.03055299
234.7,0.03162057
234.75,0.0322493
234.8,0.0321586
234.85,0.03198705
234.9,0.03293444
234.95,0.03567615
235,0.03903648
235.05,0.04154333
235.1,0.04315477
235.15,0.04443675
235.2,0.04609315
235.25,0.04821819
235.3,0.05008214
235.35,0.05079541
235.4,0.05010681
235.45,0.0487372
235.5,0.04742742
235.55,0.04705107
235.6,0.04845595
235.65,0.05097003
235.7,0.05284742
235.75,0.05337397
235.8,0.05269084
235.85,0.05070876
235.9,0.04744933
235.95,0.04357894
236,0.0403252
236.05,0.03861842
236.1,0.03863541
236.15,0.03974782
236.2,0.04119668
236.25,0.04301987
236.3,0.04508732
236.35,0.0461757
236.4,0.04552369
236.45,0.04345336
236.5,0.04106265
236.55,0.03980756
236.6,0.03975158
236.65,0.039929
236.7,0.03984901
236.75,0.03984272
236.8,0.04040767
236.85,0.04131451
236.9,0.04247685
236.95,0.0441625
237,0.0459764
237.05,0.04751721
237.1,0.04897759
237.15,0.05058187
237.2,0.05192426
237.25,0.05197729
237.3,0.04994537
237.35,0.04607669
237.4,0.0422977
237.45,0.04047989
237.5,0.04048965
237.55,0.0414268
237.6,0.04300591
237.65,0.04510623
237.7,0.04729792
237.75,0.04875236
237.8,0.04817562
237.85,0.04534551
237.9,0.04189813
237.95,0.03923166
238,0.03739105
238.05,0.03590247
238.1,0.03427883
238.15,0.03238494
238.2,0.0305106
238.25,0.02912203
238.3,0.02854817
238.35,0.02885599
238.4,0.03004456
238.45,0.03205336
238.5,0.03443697
238.55,0.03674453
238.6,0.03890718
238.65,0.04056795
238.7,0.04131706
238.75,0.04102336
238.8,0.03968153
238.85,0.03760668
238.9,0.03582128
238.95,0.03579953
239,0.03792522
239.05,0.04126583
239.1,0.0446992
239.15,0.04696648
239.2,0.04750846
239.25,0.04728677
239.3,0.04705802
239.35,0.04659482
239.4,0.04539917
239.45,0.04324024
239.5,0.04032961
239.55,0.03708131
239.6,0.03458358
239.65,0.03391411
239.7,0.0348657
239.75,0.03655842
239.8,0.03806082
239.85,0.03852844
239.9,0.03780718
239.95,0.03653454
240,0.03599092
240.05,0.03703941
240.1,0.03876889
240.15,0.0399825
240.2,0.04031124
240.25,0.03985669
240.3,0.03909781
240.35,0.03826685
240.4,0.03701712
240.45,0.03487238
240.5,0.03236995
240.55,0.03081451
240.6,0.03056392
240.65,0.03088548
240.7,0.03117505
240.75,0.03160684
240.8,0.03274295
240.85,0.03455041
240.9,0.03620534
240.95,0.03700133
241,0.03678514
241.05,0.03543894
241.1,0.03334742
241.15,0.0320916
241.2,0.03263397
241.25,0.03422293
241.3,0.03568094
241.35,0.03659957
241.4,0.0378239
241.45,0.03991707
241.5,0.04231348
241.55,0.04457621
241.6,0.04669821
241.65,0.04885204
241.7,0.05090437
241.75,0.05256197
241.8,0.05410048
241.85,0.05599896
241.9,0.05813303
241.95,0.05988717
242,0.06131198
242.05,0.06303283
242.1,0.06499255
242.15,0.06673809
242.2,0.06825424
242.25,0.06928929
242.3,0.06895928
242.35,0.06713562
242.4,0.06503855
242.45,0.06388638
242.5,0.06382756
242.55,0.06458947
242.6,0.06622854
242.65,0.06865873
242.7,0.07114401
242.75,0.07243425
242.8,0.07171175
242.85,0.06935611
242.9,0.06685336
242.95,0.06554356
243,0.06560771
243.05,0.06651652
243.1,0.06733021
243.15,0.06715534
243.2,0.06578164
243.25,0.06365477
243.3,0.06168233
243.35,0.06079806
243.4,0.060967
243.45,0.06084307
243.5,0.05942862
243.55,0.0575809
243.6,0.05681153
243.65,0.05733249
243.7,0.05852848
243.75,0.06014479
243.8,0.06168951
243.85,0.06220326
243.9,0.06124349
243.95,0.05947537
244,0.05813941
244.05,0.05820472
244.1,0.05975175
244.15,0.06199866
244.2,0.06396073
244.25,0.06496257
244.3,0.0647813
244.35,0.06342701
244.4,0.06132679
244.45,0.05963535
244.5,0.05893618
244.55,0.05862525
244.6,0.05813259
244.65,0.0571838
244.7,0.0558275
244.75,0.05427352
244.8,0.05250319
244.85,0.05092896
244.9,0.05019132
244.95,0.04998564
245,0.0495286
245.05,0.04845343
245.1,0.04702627
245.15,0.04589284
245.2,0.04510651
245.25,0.0443776
245.3,0.04390609
245.35,0.04374121
245.4,0.04358503
245.45,0.04356463
245.5,0.04399458
245.55,0.04461051
245.6,0.04478485
245.65,0.04443042
245.7,0.04404815
245.75,0.04435599
245.8,0.04536825
245.85,0.04613545
245.9,0.04609206
245.95,0.04549044
246,0.04496033
246.05,0.04464546
246.1,0.04411294
246.15,0.04329042
246.2,0.04240107
246.25,0.0415967
246.3,0.04112793
246.35,0.04137307
246.4,0.04247518
246.45,0.04395746
246.5,0.04519665
246.55,0.04595487
246.6,0.04627226
246.65,0.04644254
246.7,0.04683562
246.75,0.04758626
246.8,0.0486639
246.85,0.04977639
246.9,0.05050391
246.95,0.05090219
247,0.05130886
247.05,0.05181366
247.1,0.05243099
247.15,0.05322156
247.2,0.05380902
247.25,0.05323253
247.3,0.05157612
247.35,0.05070567
247.4,0.05177518
247.45,0.05417337
247.5,0.05635136
247.55,0.0572367
247.6,0.05716489
247.65,0.05663746
247.7,0.05578799
247.75,0.05486289
247.8,0.05395811
247.85,0.05265486
247.9,0.05072413
247.95,0.04861084
248,0.0470027
248.05,0.04646298
248.1,0.04714393
248.15,0.04812072
248.2,0.04786385
248.25,0.04586528
248.3,0.04273692
248.35,0.03947515
248.4,0.0373515
248.45,0.03714363
248.5,0.03833765
248.55,0.04004648
248.6,0.04151363
248.65,0.04196535
248.7,0.04125751
248.75,0.03977027
248.8,0.0378128
248.85,0.03602219
248.9,0.03510893
248.95,0.03493095
249,0.03477897
249.05,0.03434992
249.1,0.03408617
249.15,0.03454724
249.2,0.03603058
249.25,0.03851188
249.3,0.04145598
249.35,0.0443743
249.4,0.04728214
249.45,0.05028705
249.5,0.05332849
249.55,0.0560077
249.6,0.05782543
249.65,0.05843339
249.7,0.0585196
249.75,0.05942003
249.8,0.0607191
249.85,0.0614863
249.9,0.06231624
249.95,0.06363902
250,0.06454161
250.05,0.06427181
250.1,0.06251615
250.15,0.0595057
250.2,0.05687554
250.25,0.05632801
250.3,0.05761856
250.35,0.05924619
250.4,0.06051492
250.45,0.06124144
250.5,0.06096304
250.55,0.05912723
250.6,0.05591884
250.65,0.05241206
250.7,0.04954398
250.75,0.04796266
250.8,0.04829813
250.85,0.0502723
250.9,0.05256867
250.95,0.05428769
251,0.05489065
251.05,0.05395909
251.1,0.05199585
251.15,0.05001708
251.2,0.04868007
251.25,0.04798129
251.3,0.04731148
251.35,0.04619901
251.4,0.04447545
251.45,0.04225847
251.5,0.04029109
251.55,0.03909508
251.6,0.03822344
251.65,0.03712384
251.7,0.03615518
251.75,0.03584368
251.8,0.0358829
251.85,0.03576374
251.9,0.0354862
251.95,0.03536375
252,0.03567726
252.05,0.03661654
252.1,0.03781974
252.15,0.03830114
252.2,0.03773241
252.25,0.03662953
252.3,0.03530774
252.35,0.03402741
252.4,0.03328716
252.45,0.03321911
252.5,0.03382854
252.55,0.03505855
252.6,0.03644482
252.65,0.03752107
252.7,0.03793449
252.75,0.03743902
252.8,0.03631971
252.85,0.03530187
252.9,0.03476319
252.95,0.03489624
253,0.03608401
253.05,0.03824471
253.1,0.04072386
253.15,0.04314424
253.2,0.04507474
253.25,0.04581926
253.3,0.04581359
253.35,0.04596126
253.4,0.04623136
253.45,0.04654289
253.5,0.04687224
253.55,0.04689784
253.6,0.04658589
253.65,0.04633176
253.7,0.04660547
253.75,0.0473849
253.8,0.048303
253.85,0.0489372
253.9,0.04905779
253.95,0.04923478
254,0.0500665
254.05,0.05087521
254.1,0.05061194
254.15,0.049785
254.2,0.04961027
254.25,0.0502714
254.3,0.05146769
254.35,0.0528981
254.4,0.05390146
254.45,0.05400592
254.5,0.0536012
254.55,0.05312154
254.6,0.0525113
254.65,0.05186426
254.7,0.05162876
254.75,0.05216653
254.8,0.05303132
254.85,0.05339725
254.9,0.05319634
254.95,0.05288481
255,0.05314018
255.05,0.05478425
255.1,0.05787084
255.15,0.06185462
255.2,0.06620009
255.25,0.06959774
255.3,0.07085912
255.35,0.07071766
255.4,0.07134452
255.45,0.07361249
255.5,0.07552193
255.55,0.07559427
255.6,0.07486422
255.65,0.07465712
255.7,0.07489354
255.75,0.07489788
255.8,0.07517102
255.85,0.07673107
255.9,0.07953582
255.95,0.08233394
256,0.08377842
256.05,0.08361231
256.1,0.08279608
256.15,0.08210092
256.2,0.08097063
256.25,0.07878372
256.3,0.07634255
256.35,0.07531135
256.4,0.07654289
256.45,0.07964643
256.5,0.08392796
256.55,0.08872521
256.6,0.09370982
256.65,0.09838421
256.7,0.10141504
256.75,0.10271092
256.8,0.10385944
256.85,0.10560588
256.9,0.10778231
256.95,0.11073898
257,0.11450848
257.05,0.11774442
257.1,0.11915077
257.15,0.11934057
257.2,0.11999948
257.25,0.12158038
257.3,0.12334333
257.35,0.12522891
257.4,0.12664646
257.45,0.12516208
257.5,0.11991011
257.55,0.11230625
257.6,0.1047499
257.65,0.10048557
257.7,0.10063603
257.75,0.10361778
257.8,0.10821489
257.85,0.11387846
257.9,0.11943505
257.95,0.12438056
258,0.12915918
258.05,0.13364503
258.1,0.13764832
258.15,0.14121632
258.2,0.14309196
258.25,0.13916461
258.3,0.12968473
258.35,0.1224982
258.4,0.11994341
258.45,0.11727734
258.5,0.11241136
258.55,0.10682735
258.6,0.10195295
258.65,0.09878453
258.7,0.09917531
258.75,0.10376179
258.8,0.11027544
258.85,0.11628903
258.9,0.12249089
258.95,0.13048062
259,0.13736494
259.05,0.13842579
259.1,0.13309338
259.15,0.12416653
259.2,0.11605188
259.25,0.11155724
259.3,0.10901786
259.35,0.10486238
259.4,0.09885505
259.45,0.09500129
259.5,0.09549179
259.55,0.09854833
259.6,0.10097813
259.65,0.10027443
259.7,0.09682294
259.75,0.09193946
259.8,0.08540708
259.85,0.07770276
259.9,0.07102623
259.95,0.06675178
260,0.06499265
260.05,0.06625466
260.1,0.07072874
260.15,0.0766438
260.2,0.08215948
260.25,0.08665455
260.3,0.08946895
260.35,0.09041067
260.4,0.08990315
260.45,0.08858354
260.5,0.0862927
260.55,0.08256315
260.6,0.07815046
260.65,0.07378795
260.7,0.07010392
260.75,0.06819057
260.8,0.0687213
260.85,0.07143672
260.9,0.07508648
260.95,0.07822615
261,0.08012253
261.05,0.08026373
261.1,0.07792967
261.15,0.07332426
261.2,0.06866817
261.25,0.06620042
261.3,0.06621203
261.35,0.06747681
261.4,0.06869585
261.45,0.07058986
261.5,0.07454913
261.55,0.08070802
261.6,0.08703461
261.65,0.09061891
261.7,0.09148873
261.75,0.09013438
261.8,0.0871269
261.85,0.08584304
261.9,0.08844494
261.95,0.09385944
262,0.09943894
262.05,0.10254923
262.1,0.10260309
262.15,0.10122104
262.2,0.1005631
262.25,0.10229587
262.3,0.10573306
262.35,0.10805477
262.4,0.10832492
262.45,0.10750027
262.5,0.1050779
262.55,0.09963909
262.6,0.09254513
262.65,0.08739234
262.7,0.08559646
262.75,0.08531152
262.8,0.08432719
262.85,0.08198769
262.9,0.07986149
262.95,0.0799121
263,0.08111629
263.05,0.08111987
263.1,0.0797361
263.15,0.07867186
263.2,0.07996089
263.25,0.08455391
263.3,0.09183458
263.35,0.10110134
263.4,0.11195533
263.45,0.12335194
263.5,0.13417895
263.55,0.14381742
263.6,0.15295678
263.65,0.1634604
263.7,0.17576663
263.75,0.18960427
263.8,0.20517053
263.85,0.22089509
263.9,0.23332967
263.95,0.23914649
264,0.23811406
264.05,0.23520389
264.1,0.23438493
264.15,0.23586975
264.2,0.24130682
264.25,0.25284196
264.3,0.26775654
264.35,0.27914132
264.4,0.28134456
264.45,0.27424934
264.5,0.26340215
264.55,0.25390227
264.6,0.24637147
264.65,0.2392089
264.7,0.2323592
264.75,0.22636698
264.8,0.21954726
264.85,0.21098961
264.9,0.20357765
264.95,0.20060626
265,0.20194939
265.05,0.20519744
265.1,0.20814546
265.15,0.21010013
265.2,0.21222343
265.25,0.21566993
265.3,0.22037902
265.35,0.22572326
265.4,0.23079792
265.45,0.23649605
265.5,0.24564408
265.55,0.2559025
265.6,0.25993652
265.65,0.25737085
265.7,0.25487614
265.75,0.25569993
265.8,0.25704843
265.85,0.25563316
265.9,0.25273834
265.95,0.25219429
266,0.25475223
266.05,0.2565551
266.1,0.25467174
266.15,0.2491478
266.2,0.24117936
266.25,0.23472971
266.3,0.2323072
266.35,0.23030692
266.4,0.22511944
266.45,0.22096149
266.5,0.22347347
266.55,0.22960209
266.6,0.23265495
266.65,0.22951982
266.7,0.22345452
266.75,0.22206729
266.8,0.22769336
266.85,0.23361045
266.9,0.23235564
266.95,0.22621342
267,0.22243502
267.05,0.2238516
267.1,0.2306773
267.15,0.23844085
267.2,0.23833279
267.25,0.22867727
267.3,0.21844227
267.35,0.21688415
267.4,0.22474378
267.45,0.23812069
267.5,0.25232683
267.55,0.2611279
267.6,0.26278012
267.65,0.26067557
267.7,0.25588554
267.75,0.247757
267.8,0.23885442
267.85,0.23198173
267.9,0.22622313
267.95,0.22166561
268,0.22096071
268.05,0.22407032
268.1,0.22851973
268.15,0.23311595
268.2,0.23694194
268.25,0.23864763
268.3,0.23805661
268.35,0.23599612
268.4,0.23346384
268.45,0.23137441
268.5,0.23041835
268.55,0.23143348
268.6,0.23528893
268.65,0.24019472
268.7,0.24273815
268.75,0.24211207
268.8,0.23849831
268.85,0.23262579
268.9,0.22693734
268.95,0.22182974
269,0.21638882
269.05,0.21239881
269.1,0.21182284
269.15,0.21409557
269.2,0.21828853
269.25,0.22314459
269.3,0.22635392
269.35,0.22821362
269.4,0.23045197
269.45,0.23112211
269.5,0.22649298
269.55,0.21766979
269.6,0.21017255
269.65,0.20792197
269.7,0.21205445
269.75,0.21933658
269.8,0.22506966
269.85,0.22832552
269.9,0.23079853
269.95,0.23683629
270,0.24994848
270.05,0.26573212
270.1,0.27480797
270.15,0.27195917
270.2,0.2620761
270.25,0.25588451
270.3,0.25844281
270.35,0.26614499
270.4,0.27230521
270.45,0.27623285
270.5,0.28152324
270.55,0.28529633
270.6,0.28115666
270.65,0.27045641
270.7,0.26088938
270.75,0.25661374
270.8,0.25672487
270.85,0.25693861
270.9,0.25470194
270.95,0.25292417
271,0.25366705
271.05,0.25490658
271.1,0.25377843
271.15,0.25072831
271.2,0.24851788
271.25,0.25083819
271.3,0.25753441
271.35,0.26040481
271.4,0.25273577
271.45,0.23548273
271.5,0.21693176
271.55,0.20680584
271.6,0.2059414
271.65,0.20868711
271.7,0.21052248
271.75,0.20834375
271.8,0.2002228
271.85,0.18681228
271.9,0.17034432
271.95,0.15488633
272,0.14581375
272.05,0.14383321
272.1,0.14520158
272.15,0.14873342
272.2,0.15553103
272.25,0.16385167
272.3,0.16989334
272.35,0.17171408
272.4,0.17095354
272.45,0.17123733
272.5,0.17461021
272.55,0.18040241
272.6,0.1865047
272.65,0.19152073
272.7,0.19517825
272.75,0.19728121
272.8,0.19978401
272.85,0.20832483
272.9,0.22474821
272.95,0.24340448
273,0.25720189
273.05,0.2606051
273.1,0.25457679
273.15,0.2469368
273.2,0.24288757
273.25,0.2406996
273.3,0.23537778
273.35,0.22542148
273.4,0.21389607
273.45,0.20506229
273.5,0.20068741
273.55,0.19821384
273.6,0.19506604
273.65,0.18947142
273.7,0.17900333
273.75,0.16589373
273.8,0.15643343
273.85,0.15330741
273.9,0.15233228
273.95,0.14682515
274,0.13766913
274.05,0.13102708
274.1,0.12949851
274.15,0.13025515
274.2,0.1285253
274.25,0.1232271
274.3,0.11605356
274.35,0.1101786
274.4,0.10862723
274.45,0.11130861
274.5,0.11714731
274.55,0.12373234
274.6,0.12578557
274.65,0.12167204
274.7,0.11581349
274.75,0.11289003
274.8,0.11489797
274.85,0.11912847
274.9,0.12036981
274.95,0.11738178
275,0.11383346
275.05,0.11470038
275.1,0.12207737
275.15,0.13478726
275.2,0.15060109
275.25,0.1649257
275.3,0.17222542
275.35,0.17249509
275.4,0.16993048
275.45,0.1669416
275.5,0.16348577
275.55,0.1584726
275.6,0.15272227
275.65,0.15068892
275.7,0.1565968
275.75,0.16921727
275.8,0.18600503
275.85,0.2080711
275.9,0.2303835
275.95,0.24224975
276,0.24336245
276.05,0.24207671
276.1,0.2415412
276.15,0.2385664
276.2,0.23183188
276.25,0.22442533
276.3,0.22200316
276.35,0.22766937
276.4,0.23774635
276.45,0.248168
276.5,0.2581668
276.55,0.26607373
276.6,0.26831635
276.65,0.26446738
276.7,0.25841757
276.75,0.25378736
276.8,0.25107152
276.85,0.24818603
276.9,0.24470455
276.95,0.24351312
277,0.24751874
277.05,0.25543766
277.1,0.2625835
277.15,0.26514999
277.2,0.26200727
277.25,0.25693825
277.3,0.25556665
277.35,0.25899244
277.4,0.26325494
277.45,0.2633141
277.5,0.25873354
277.55,0.25238941
277.6,0.24496661
277.65,0.23593799
277.7,0.2276508
277.75,0.22171974
277.8,0.21554478
277.85,0.20681894
277.9,0.19716443
277.95,0.18957789
278,0.18380967
278.05,0.17878042
278.1,0.17516759
278.15,0.17298772
278.2,0.17166284
278.25,0.170639
278.3,0.16856094
278.35,0.16527501
278.4,0.16277507
278.45,0.1620317
278.5,0.16210431
278.55,0.16176963
278.6,0.16067061
278.65,0.15887381
278.7,0.15580154
278.75,0.15085342
278.8,0.14439108
278.85,0.13769739
278.9,0.13181151
278.95,0.12634381
279,0.12060748
279.05,0.1148656
279.1,0.10929687
279.15,0.10358249
279.2,0.09770224
279.25,0.09178445
279.3,0.08598197
279.35,0.08055344
279.4,0.07541138
279.45,0.07091065
279.5,0.06830027
279.55,0.06814606
279.6,0.0684586
279.65,0.06607709
279.7,0.06158738
279.75,0.05811629
279.8,0.05654818
279.85,0.05637422
279.9,0.05719859
279.95,0.05852857
280,0.05975069
280.05,0.06019896
280.1,0.05975375
280.15,0.05913435
280.2,0.0592494
280.25,0.06101748
280.3,0.06397178
280.35,0.0659592
280.4,0.06664713
280.45,0.06790719
280.5,0.07094999
280.55,0.07560993
280.6,0.08125116
280.65,0.08733221
280.7,0.09353224
280.75,0.0998735
280.8,0.10661245
280.85,0.11402711
280.9,0.12202657
280.95,0.13017693
281,0.13788725
281.05,0.14425263
281.1,0.14906947
281.15,0.15308068
281.2,0.15735312
281.25,0.16257679
281.3,0.16835637
281.35,0.17527446
281.4,0.18519099
281.45,0.19809898
281.5,0.21115924
281.55,0.22121303
281.6,0.22680944
281.65,0.2291046
281.7,0.23076206
281.75,0.23301142
281.8,0.23675167
281.85,0.24283688
281.9,0.25011226
281.95,0.25721495
282,0.26415405
282.05,0.27050581
282.1,0.27445939
282.15,0.27572752
282.2,0.27594384
282.25,0.27618438
282.3,0.27721184
282.35,0.28068247
282.4,0.28739443
282.45,0.29538045
282.5,0.29978212
282.55,0.29671917
282.6,0.28949862
282.65,0.28576792
282.7,0.28922176
282.75,0.29585498
282.8,0.30025076
282.85,0.30290496
282.9,0.30687059
282.95,0.31337525
283,0.32089336
283.05,0.32601626
283.1,0.32712677
283.15,0.32647505
283.2,0.32561412
283.25,0.32313486
283.3,0.32089685
283.35,0.32141455
283.4,0.32222567
283.45,0.31987177
283.5,0.31370614
283.55,0.30367281
283.6,0.29349841
283.65,0.29181388
283.7,0.30064737
283.75,0.31450503
283.8,0.3257979
283.85,0.32983375
283.9,0.3290054
283.95,0.32605958
284,0.32007951
284.05,0.31128428
284.1,0.3035419
284.15,0.29979746
284.2,0.29946102
284.25,0.2982364
284.3,0.29116376
284.35,0.27860333
284.4,0.26449504
284.45,0.2559457
284.5,0.25517602
284.55,0.25361238
284.6,0.24533876
284.65,0.23132277
284.7,0.214859
284.75,0.19922424
284.8,0.18438975
284.85,0.16922197
284.9,0.15404048
284.95,0.14004005
285,0.12816312
285.05,0.11719379
285.1,0.1062516
285.15,0.09673322
285.2,0.08936405
285.25,0.08425626
285.3,0.08245651
285.35,0.08455889
285.4,0.09007551
285.45,0.09804984
285.5,0.10731845
285.55,0.11703443
285.6,0.12706824
285.65,0.13799845
285.7,0.15042396
285.75,0.16493108
285.8,0.1807696
285.85,0.19604742
285.9,0.21108653
285.95,0.22790184
286,0.248075
286.05,0.26793031
286.1,0.28171299
286.15,0.29117322
286.2,0.29986327
286.25,0.3073985
286.3,0.31345481
286.35,0.31924195
286.4,0.32656296
286.45,0.33585567
286.5,0.34357077
286.55,0.34656118
286.6,0.34770003
286.65,0.35014068
286.7,0.35060233
286.75,0.3458581
286.8,0.33976886
286.85,0.33638545
286.9,0.33452621
286.95,0.33338119
287,0.33590327
287.05,0.34582875
287.1,0.36368671
287.15,0.38265797
287.2,0.39424285
287.25,0.3971891
287.3,0.39359716
287.35,0.38436253
287.4,0.371801
287.45,0.36070919
287.5,0.35460543
287.55,0.35133433
287.6,0.34445011
287.65,0.33295419
287.7,0.32236687
287.75,0.3165034
287.8,0.31368164
287.85,0.3082679
287.9,0.29641175
287.95,0.27911996
288,0.26141606
288.05,0.24620511
288.1,0.23237684
288.15,0.21964809
288.2,0.21013185
288.25,0.20856419
288.3,0.21729539
288.35,0.23314186
288.4,0.25324305
288.45,0.27686928
288.5,0.30150411
288.55,0.32334824
288.6,0.33962488
288.65,0.34841192
288.7,0.35181519
288.75,0.35493948
288.8,0.35834623
288.85,0.36118644
288.9,0.36527593
288.95,0.37025096
289,0.37409829
289.05,0.3776224
289.1,0.3825035
289.15,0.38762798
289.2,0.39227061
289.25,0.39780223
289.3,0.40286806
289.35,0.40618968
289.4,0.41055532
289.45,0.41750362
289.5,0.42616372
289.55,0.43865995
289.6,0.4569419
289.65,0.47552949
289.7,0.48832526
289.75,0.49572013
289.8,0.50101993
289.85,0.50743068
289.9,0.51792401
289.95,0.53352843
290,0.55321895
290.05,0.57460371
290.1,0.59191634
290.15,0.59833459
290.2,0.5904456
290.25,0.57739582
290.3,0.57607109
290.35,0.5886696
290.4,0.60504043
290.45,0.61555736
290.5,0.61798676
290.55,0.61641278
290.6,0.61012346
290.65,0.59851505
290.7,0.58813553
290.75,0.58261587
290.8,0.57849513
290.85,0.57266692
290.9,0.56644952
290.95,0.56295742
291,0.5616033
291.05,0.55978088
291.1,0.5574275
291.15,0.55631186
291.2,0.55742711
291.25,0.56206573
291.3,0.57456513
291.35,0.59062183
291.4,0.59643338
291.45,0.5867967
291.5,0.56855558
291.55,0.55149976
291.6,0.5397328
291.65,0.53439031
291.7,0.53524526
291.75,0.53583178
291.8,0.53051614
291.85,0.52313227
291.9,0.52037797
291.95,0.52327335
292,0.52718801
292.05,0.52730432
292.1,0.52441689
292.15,0.52277638
292.2,0.52221539
292.25,0.51921656
292.3,0.51345356
292.35,0.50457614
292.4,0.49004434
292.45,0.47389099
292.5,0.46582357
292.55,0.46462436
292.6,0.46012745
292.65,0.45221656
292.7,0.44990393
292.75,0.45627118
292.8,0.4651019
292.85,0.46527409
292.9,0.45673927
292.95,0.45428374
293,0.46981479
293.05,0.50332104
293.1,0.53606743
293.15,0.55171317
293.2,0.55793488
293.25,0.56251297
293.3,0.5608754
293.35,0.55223148
293.4,0.54486586
293.45,0.54563032
293.5,0.55408983
293.55,0.56247446
293.6,0.55843854
293.65,0.53433463
293.7,0.49324839
293.75,0.45580106
293.8,0.44240584
293.85,0.44773357
293.9,0.45726219
293.95,0.46437477
294,0.47026637
294.05,0.47774074
294.1,0.48268442
294.15,0.47946009
294.2,0.47373527
294.25,0.4774761
294.3,0.49156476
294.35,0.50480515
294.4,0.50601364
294.45,0.49700372
294.5,0.48917588
294.55,0.49145648
294.6,0.50538907
294.65,0.52011324
294.7,0.51930414
294.75,0.49750022
294.8,0.46125707
294.85,0.42747564
294.9,0.41364501
294.95,0.41889436
295,0.43436534
295.05,0.4576997
295.1,0.48573723
295.15,0.51086716
295.2,0.5295707
295.25,0.54344237
295.3,0.54895664
295.35,0.53932332
295.4,0.51826995
295.45,0.50173939
295.5,0.50551082
295.55,0.52663587
295.6,0.54669368
295.65,0.55462213
295.7,0.54904453
295.75,0.5378029
295.8,0.53490168
295.85,0.54802107
295.9,0.57092054
295.95,0.58558071
296,0.58200521
296.05,0.56852845
296.1,0.5581639
296.15,0.5561642
296.2,0.56066422
296.25,0.56817462
296.3,0.57629878
296.35,0.57940331
296.4,0.56943265
296.45,0.54455241
296.5,0.50676687
296.55,0.46106205
296.6,0.41859416
296.65,0.38813499
296.7,0.37009518
296.75,0.36581532
296.8,0.37787656
296.85,0.39736953
296.9,0.4099395
296.95,0.41104661
297,0.40210347
297.05,0.39129154
297.1,0.39489369
297.15,0.41580707
297.2,0.44060388
297.25,0.45221354
297.3,0.44653434
297.35,0.43936413
297.4,0.44715422
297.45,0.47781139
297.5,0.52080959
297.55,0.55264342
297.6,0.56683371
297.65,0.57512721
297.7,0.59171121
297.75,0.61668938
297.8,0.63299023
297.85,0.6270328
297.9,0.60023539
297.95,0.56662754
298,0.53939633
298.05,0.51870575
298.1,0.49428983
298.15,0.4603791
298.2,0.42839489
298.25,0.41069816
298.3,0.40372143
298.35,0.39353675
298.4,0.3758581
298.45,0.36191588
298.5,0.35659085
298.55,0.35656496
298.6,0.36166413
298.65,0.37288982
298.7,0.3861841
298.75,0.39602358
298.8,0.40664369
298.85,0.42631156
298.9,0.45302273
298.95,0.48128371
299,0.51145501
299.05,0.53864986
299.1,0.55417617
299.15,0.55568076
299.2,0.54632595
299.25,0.53389149
299.3,0.52416019
299.35,0.51448665
299.4,0.49339903
299.45,0.45951731
299.5,0.43603551
299.55,0.43915406
299.6,0.45969611
299.65,0.48425348
299.7,0.50465786
299.75,0.5161257
299.8,0.51615915
299.85,0.49948728
299.9,0.4647282
299.95,0.42348351
300,0.39367899
300.05,0.37384105
300.1,0.35653585
300.15,0.34704324
300.2,0.34350793
300.25,0.33926404
300.3,0.33443006
300.35,0.33686885
300.4,0.35065395
300.45,0.37271674
300.5,0.39919247
300.55,0.42047023
300.6,0.42856635
300.65,0.42686661
300.7,0.41904563
300.75,0.40671117
300.8,0.39639786
300.85,0.39481076
300.9,0.40193743
300.95,0.41561238
301,0.43692363
301.05,0.46506014
301.1,0.49126443
301.15,0.50236539
301.2,0.49472938
301.25,0.48512756
301.3,0.48827077
301.35,0.49671326
301.4,0.49919728
301.45,0.49498621
301.5,0.48879888
301.55,0.48241359
301.6,0.47468132
301.65,0.4647399
301.7,0.45113961
301.75,0.43369204
301.8,0.41413156
301.85,0.39564175
301.9,0.38085487
301.95,0.36752079
302,0.35416169
302.05,0.34000995
302.1,0.32578778
302.15,0.32094499
302.2,0.33384631
302.25,0.36430635
302.3,0.40625182
302.35,0.44574785
302.4,0.46863102
302.45,0.47606125
302.5,0.47860081
302.55,0.48078686
302.6,0.47976083
302.65,0.47990248
302.7,0.49889098
302.75,0.5463811
302.8,0.60031811
302.85,0.63250523
302.9,0.64200745
302.95,0.63854352
303,0.63253237
303.05,0.63113669
303.1,0.63100656
303.15,0.62665053
303.2,0.62479875
303.25,0.63998512
303.3,0.66680655
303.35,0.68399574
303.4,0.6825445
303.45,0.67194439
303.5,0.66399794
303.55,0.66150463
303.6,0.65903634
303.65,0.64644517
303.7,0.6199581
303.75,0.58415147
303.8,0.54859899
303.85,0.53204598
303.9,0.54271349
303.95,0.56291248
304,0.57542769
304.05,0.57550097
304.1,0.5652599
304.15,0.55318521
304.2,0.54406319
304.25,0.53710995
304.3,0.5390767
304.35,0.55657947
304.4,0.58050871
304.45,0.59911766
304.5,0.61039039
304.55,0.61896938
304.6,0.62804877
304.65,0.63474228
304.7,0.62475215
304.75,0.59269385
304.8,0.56270501
304.85,0.55503615
304.9,0.5712533
304.95,0.60386696
305,0.63492335
305.05,0.64938697
305.1,0.64760837
305.15,0.65009539
305.2,0.6717353
305.25,0.69509011
305.3,0.69969194
305.35,0.67840577
305.4,0.63866861
305.45,0.6015123
305.5,0.57823979
305.55,0.56957361
305.6,0.57243254
305.65,0.5735794
305.7,0.5621561
305.75,0.5345022
305.8,0.49749843
305.85,0.47243916
305.9,0.46436754
305.95,0.46248888
306,0.46921576
306.05,0.49179173
306.1,0.5208359
306.15,0.54442681
306.2,0.56334937
306.25,0.57578396
306.3,0.57822296
306.35,0.57376563
306.4,0.56376575
306.45,0.54820258
306.5,0.53660093
306.55,0.53935019
306.6,0.54937208
306.65,0.54883484
306.7,0.53426976
306.75,0.52109813
306.8,0.52000494
306.85,0.5332204
306.9,0.55997273
306.95,0.58962244
307,0.61054374
307.05,0.62250458
307.1,0.62952559
307.15,0.63185717
307.2,0.62940345
307.25,0.62357515
307.3,0.61755506
307.35,0.61947185
307.4,0.62987968
307.45,0.63736288
307.5,0.63435993
307.55,0.61928082
307.6,0.60210931
307.65,0.60157625
307.7,0.61927591
307.75,0.63791033
307.8,0.64035272
307.85,0.62827831
307.9,0.62061425
307.95,0.62830772
308,0.64580436
308.05,0.65685612
308.1,0.65344124
308.15,0.64208739
308.2,0.62435672
308.25,0.60563442
308.3,0.5991777
308.35,0.60240092
308.4,0.60765611
308.45,0.62280964
308.5,0.65038395
308.55,0.67380761
308.6,0.68165244
308.65,0.67652724
308.7,0.66163873
308.75,0.64022542
308.8,0.61771396
308.85,0.5989823
308.9,0.58900027
308.95,0.58579604
309,0.57880786
309.05,0.5645442
309.1,0.54616793
309.15,0.5242505
309.2,0.50283291
309.25,0.48788537
309.3,0.47348902
309.35,0.45566525
309.4,0.44783136
309.45,0.45623504
309.5,0.4749114
309.55,0.49507734
309.6,0.50299136
309.65,0.49450279
309.7,0.47368839
309.75,0.44977977
309.8,0.44154169
309.85,0.4514828
309.9,0.46200602
309.95,0.45956074
310,0.44293588
310.05,0.42368699
310.1,0.41401835
310.15,0.41771309
310.2,0.43281381
310.25,0.45703066
310.3,0.49132551
310.35,0.53347576
310.4,0.5776537
310.45,0.61575635
310.5,0.64150241
310.55,0.65819268
310.6,0.67066841
310.65,0.68435203
310.7,0.70452757
310.75,0.72613865
310.8,0.74472295
310.85,0.76451008
310.9,0.78347779
310.95,0.79320167
311,0.79352135
311.05,0.7860629
311.1,0.77594072
311.15,0.77533201
311.2,0.78306289
311.25,0.78981338
311.3,0.79597575
311.35,0.79944309
311.4,0.78974571
311.45,0.76811065
311.5,0.7503911
311.55,0.74777272
311.6,0.75032565
311.65,0.73883607
311.7,0.71015142
311.75,0.67850116
311.8,0.65805698
311.85,0.64685996
311.9,0.63646184
311.95,0.6250887
312,0.61418341
312.05,0.60573575
312.1,0.60204131
312.15,0.60238449
312.2,0.60310421
312.25,0.60396324
312.3,0.6088761
312.35,0.62191945
312.4,0.64189696
312.45,0.65797836
312.5,0.66011512
312.55,0.64777631
312.6,0.62981039
312.65,0.62190014
312.7,0.62721143
312.75,0.63639656
312.8,0.64625039
312.85,0.65304538
312.9,0.65307545
312.95,0.65291796
313,0.65911491
313.05,0.66538349
313.1,0.66300801
313.15,0.65848039
313.2,0.66019383
313.25,0.66302856
313.3,0.66274425
313.35,0.66334426
313.4,0.66500195
313.45,0.66301571
313.5,0.6643251
313.55,0.67761014
313.6,0.69325298
313.65,0.70080186
313.7,0.70262588
313.75,0.70954509
313.8,0.72541266
313.85,0.74115722
313.9,0.75111965
313.95,0.75382362
314,0.74817399
314.05,0.73640999
314.1,0.72435718
314.15,0.71756395
314.2,0.7118065
314.25,0.69696839
314.3,0.67079574
314.35,0.63259578
314.4,0.58591873
314.45,0.54754861
314.5,0.52979721
314.55,0.53404817
314.6,0.55580656
314.65,0.58262725
314.7,0.60256285
314.75,0.61346001
314.8,0.62069799
314.85,0.63438305
314.9,0.6581745
314.95,0.6833051
315,0.6980794
315.05,0.69851427
315.1,0.69471003
315.15,0.69737092
315.2,0.70342186
315.25,0.70414581
315.3,0.70029819
315.35,0.69825478
315.4,0.69501709
315.45,0.68224893
315.5,0.66558407
315.55,0.65500039
315.6,0.64453601
315.65,0.62551528
315.7,0.59675845
315.75,0.56210156
315.8,0.53109906
315.85,0.50989121
315.9,0.49442343
315.95,0.48198945
316,0.47577356
316.05,0.4768966
316.1,0.47959504
316.15,0.48111681
316.2,0.48733743
316.25,0.50029329
316.3,0.52073871
316.35,0.54885684
316.4,0.57499232
316.45,0.59007144
316.5,0.5951991
316.55,0.60005053
316.6,0.61142013
316.65,0.62362239
316.7,0.63498168
316.75,0.65474525
316.8,0.67897349
316.85,0.69210338
316.9,0.69603796
316.95,0.70458775
317,0.72513154
317.05,0.75554009
317.1,0.7873095
317.15,0.81457537
317.2,0.83513807
317.25,0.84844011
317.3,0.85597709
317.35,0.85847667
317.4,0.85443717
317.45,0.84384019
317.5,0.82921306
317.55,0.81209915
317.6,0.7976511
317.65,0.79492507
317.7,0.79949824
317.75,0.79441615
317.8,0.77190745
317.85,0.73343456
317.9,0.68788247
317.95,0.6483238
318,0.61721551
318.05,0.59527246
318.1,0.58503433
318.15,0.5790422
318.2,0.57113005
318.25,0.56624663
318.3,0.57005272
318.35,0.57938925
318.4,0.58889226
318.45,0.59917205
318.5,0.60993604
318.55,0.62140674
318.6,0.63647475
318.65,0.65203718
318.7,0.66203759
318.75,0.66833118
318.8,0.67843734
318.85,0.69152613
318.9,0.70309608
318.95,0.72057673
319,0.74216621
319.05,0.74557663
319.1,0.72467075
319.15,0.69435582
319.2,0.66435674
319.25,0.63601235
319.3,0.61298822
319.35,0.60133748
319.4,0.60580999
319.45,0.62338127
319.5,0.64014783
319.55,0.65093766
319.6,0.66127342
319.65,0.671857
319.7,0.68084817
319.75,0.69078914
319.8,0.70770796
319.85,0.73890249
319.9,0.77730407
319.95,0.80172822
320,0.8049443
320.05,0.79289211
320.1,0.78150517
320.15,0.78995823
320.2,0.8135381
320.25,0.83189832
320.3,0.83633059
320.35,0.83726263
320.4,0.84781273
320.45,0.86598448
320.5,0.87979477
320.55,0.87853513
320.6,0.86628504
320.65,0.85803298
320.7,0.85861525
320.75,0.85790921
320.8,0.84510902
320.85,0.82182
320.9,0.79061792
320.95,0.75482674
321,0.72509917
321.05,0.70252211
321.1,0.6801981
321.15,0.65813021
321.2,0.63943176
321.25,0.62663191
321.3,0.62185777
321.35,0.62143401
321.4,0.61775626
321.45,0.61311763
321.5,0.61728491
321.55,0.63390249
321.6,0.65837487
321.65,0.67707793
321.7,0.68435271
321.75,0.68856618
321.8,0.70113931
321.85,0.73077022
321.9,0.76576375
321.95,0.7826011
322,0.77967
322.05,0.77669013
322.1,0.78394536
322.15,0.78723574
322.2,0.77129315
322.25,0.74244892
322.3,0.71870122
322.35,0.71125657
322.4,0.71604715
322.45,0.72498206
322.5,0.72566881
322.55,0.70662599
322.6,0.67650812
322.65,0.65111886
322.7,0.63648041
322.75,0.62729669
322.8,0.6151626
322.85,0.6001602
322.9,0.58891867
322.95,0.58409379
323,0.58302531
323.05,0.58632037
323.1,0.59904833
323.15,0.61947021
323.2,0.6389779
323.25,0.65274922
323.3,0.65770408
323.35,0.65257972
323.4,0.6414858
323.45,0.62893646
323.5,0.61943833
323.55,0.62206583
323.6,0.63749562
323.65,0.64974591
323.7,0.65193601
323.75,0.6581722
323.8,0.68120922
323.85,0.71019749
323.9,0.72504667
323.95,0.72287071
324,0.72086609
324.05,0.73891643
324.1,0.76935607
324.15,0.78769538
324.2,0.78664274
324.25,0.77933647
324.3,0.77965576
324.35,0.78433748
324.4,0.78300092
324.45,0.77898229
324.5,0.78233196
324.55,0.79084407
324.6,0.79757951
324.65,0.80223728
324.7,0.79963651
324.75,0.78447412
324.8,0.76584361
324.85,0.75381367
324.9,0.7512274
324.95,0.7561889
325,0.76399683
325.05,0.77078871
325.1,0.773441
325.15,0.77543602
325.2,0.78367975
325.25,0.79604833
325.3,0.80739697
325.35,0.81812746
325.4,0.82825706
325.45,0.83669283
325.5,0.853388
325.55,0.89061848
325.6,0.931591
325.65,0.95296791
325.7,0.96033062
325.75,0.96342329
325.8,0.9659147
325.85,0.97367528
325.9,0.98771486
325.95,1.00364366
326,1.01320411
326.05,1.0126014
326.1,1.00799083
326.15,1.00227376
326.2,0.99361692
326.25,0.98968335
326.3,0.99513153
326.35,0.99856799
326.4,0.98996774
326.45,0.97018456
326.5,0.94893564
326.55,0.93521543
326.6,0.9359814
326.65,0.95396354
326.7,0.97432294
326.75,0.98299439
326.8,0.98344971
326.85,0.98404684
326.9,0.9868012
326.95,0.98654273
327,0.98057729
327.05,0.97213749
327.1,0.96010971
327.15,0.94265635
327.2,0.92651536
327.25,0.92239034
327.3,0.93580912
327.35,0.95364188
327.4,0.95770556
327.45,0.95203286
327.5,0.952667
327.55,0.96282393
327.6,0.96754314
327.65,0.9580778
327.7,0.9414185
327.75,0.92913257
327.8,0.92722627
327.85,0.92593827
327.9,0.91548814
327.95,0.89908877
328,0.88719403
328.05,0.8868464
328.1,0.8941065
328.15,0.9014259
328.2,0.90254528
328.25,0.89525774
328.3,0.88517641
328.35,0.8821244
328.4,0.89026412
328.45,0.89847152
328.5,0.89421947
328.55,0.8814899
328.6,0.86919584
328.65,0.85499282
328.7,0.83668433
328.75,0.82464892
328.8,0.83104581
328.85,0.8538469
328.9,0.87991481
328.95,0.90984753
329,0.95328957
329.05,0.99947703
329.1,1.02503666
329.15,1.03107424
329.2,1.03370004
329.25,1.037359
329.3,1.0435865
329.35,1.05616532
329.4,1.07409563
329.45,1.08862988
329.5,1.09122279
329.55,1.0847885
329.6,1.080804
329.65,1.08495636
329.7,1.09372897
329.75,1.09941829
329.8,1.09613194
329.85,1.08310672
329.9,1.06702012
329.95,1.05982049
330,1.06601529
330.05,1.0758966
330.1,1.08472379
330.15,1.08482281
330.2,1.0619749
330.25,1.02830962
330.3,0.99904929
330.35,0.98061083
330.4,0.97530535
330.45,0.97054673
330.5,0.95707483
330.55,0.93374679
330.6,0.90310811
330.65,0.87230785
330.7,0.85140881
330.75,0.85038753
330.8,0.8692903
330.85,0.89266467
330.9,0.90796997
330.95,0.9189115
331,0.92896527
331.05,0.93510114
331.1,0.93881085
331.15,0.94501521
331.2,0.95214535
331.25,0.94902615
331.3,0.93624523
331.35,0.92884166
331.4,0.9259069
331.45,0.91567081
331.5,0.90076087
331.55,0.89362258
331.6,0.89673611
331.65,0.90701686
331.7,0.91897696
331.75,0.9237576
331.8,0.92336617
331.85,0.92513153
331.9,0.92908421
331.95,0.93209819
332,0.93355343
332.05,0.93334736
332.1,0.93251811
332.15,0.93294789
332.2,0.93041831
332.25,0.91911535
332.3,0.89888542
332.35,0.88099405
332.4,0.88062714
332.45,0.8933039
332.5,0.90811103
332.55,0.92728356
332.6,0.94849581
332.65,0.9576529
332.7,0.94817206
332.75,0.92834064
332.8,0.91476017
332.85,0.91390614
332.9,0.9130089
332.95,0.90189987
333,0.88627697
333.05,0.88238411
333.1,0.89697552
333.15,0.91802489
333.2,0.92773285
333.25,0.92137205
333.3,0.9157379
333.35,0.92059032
333.4,0.92150125
333.45,0.90734312
333.5,0.88499039
333.55,0.86247086
333.6,0.84068706
333.65,0.82028545
333.7,0.80791809
333.75,0.81115037
333.8,0.82811388
333.85,0.85182984
333.9,0.87450183
333.95,0.88930795
334,0.89540266
334.05,0.89552929
334.1,0.8984775
334.15,0.90875586
334.2,0.91537906
334.25,0.90983077
334.3,0.90454127
334.35,0.91820492
334.4,0.94356093
334.45,0.96131914
334.5,0.9686601
334.55,0.97229677
334.6,0.97575533
334.65,0.97666633
334.7,0.97115853
334.75,0.96071298
334.8,0.95117008
334.85,0.94268141
334.9,0.92597379
334.95,0.89380147
335,0.86176029
335.05,0.85889163
335.1,0.88589766
335.15,0.92154832
335.2,0.94994641
335.25,0.96586301
335.3,0.9782123
335.35,0.98914329
335.4,0.99040868
335.45,0.98403058
335.5,0.9796444
335.55,0.9826955
335.6,0.98914034
335.65,0.98658465
335.7,0.97089982
335.75,0.95149921
335.8,0.92850863
335.85,0.88844217
335.9,0.82914163
335.95,0.76829021
336,0.71989749
336.05,0.68478902
336.1,0.66180012
336.15,0.64987478
336.2,0.64991276
336.25,0.67050191
336.3,0.71351045
336.35,0.76004223
336.4,0.79505468
336.45,0.82070458
336.5,0.84517918
336.55,0.86700961
336.6,0.87279392
336.65,0.8600212
336.7,0.83590895
336.75,0.8049216
336.8,0.77337861
336.85,0.74930457
336.9,0.73444258
336.95,0.72167195
337,0.70940867
337.05,0.70766838
337.1,0.71768283
337.15,0.72948837
337.2,0.73548074
337.25,0.73529437
337.3,0.73513266
337.35,0.74673515
337.4,0.77488174
337.45,0.80506092
337.5,0.82694616
337.55,0.85452027
337.6,0.89532804
337.65,0.93128127
337.7,0.95228062
337.75,0.96455888
337.8,0.96994406
337.85,0.96216948
337.9,0.93893645
337.95,0.91037993
338,0.88446947
338.05,0.8542676
338.1,0.8242511
338.15,0.81717887
338.2,0.84155773
338.25,0.87772565
338.3,0.89498317
338.35,0.88974327
338.4,0.87960795
338.45,0.87565773
338.5,0.88816199
338.55,0.91339252
338.6,0.93307744
338.65,0.94835702
338.7,0.96406668
338.75,0.96703016
338.8,0.95088831
338.85,0.92835541
338.9,0.91990617
338.95,0.93440361
339,0.957558
339.05,0.97027926
339.1,0.96308426
339.15,0.93697316
339.2,0.90829806
339.25,0.88816857
339.3,0.86773042
339.35,0.84677104
339.4,0.84246402
339.45,0.85756939
339.5,0.87927047
339.55,0.90348255
339.6,0.92816124
339.65,0.94842427
339.7,0.96673142
339.75,0.9878069
339.8,1.01157929
339.85,1.03343418
339.9,1.04830771
339.95,1.05552991
340,1.06559307
340.05,1.08800016
340.1,1.11007451
340.15,1.11474745
340.2,1.09837723
340.25,1.07232731
340.3,1.0538726
340.35,1.04310378
340.4,1.03284622
340.45,1.01916789
340.5,0.99837165
340.55,0.97781534
340.6,0.96913848
340.65,0.97032058
340.7,0.96391269
340.75,0.93994942
340.8,0.91423665
340.85,0.90629838
340.9,0.91199484
340.95,0.91061785
341,0.89797806
341.05,0.88967302
341.1,0.89483891
341.15,0.90742987
341.2,0.9155252
341.25,0.91422123
341.3,0.89834277
341.35,0.86903676
341.4,0.84345354
341.45,0.82555438
341.5,0.80983352
341.55,0.80438574
341.6,0.81920162
341.65,0.84976203
341.7,0.88075149
341.75,0.9006043
341.8,0.91048148
341.85,0.92133056
341.9,0.93874708
341.95,0.96395006
342,0.99536676
342.05,1.01954748
342.1,1.02888227
342.15,1.02630264
342.2,1.0152172
342.25,1.0020199
342.3,0.98651266
342.35,0.96646573
342.4,0.94722723
342.45,0.93634654
342.5,0.93787718
342.55,0.95037167
342.6,0.96837723
342.65,0.9771473
342.7,0.96616604
342.75,0.95273485
342.8,0.95662818
342.85,0.97418609
342.9,0.99575782
342.95,1.0193464
343,1.04695139
343.05,1.07215034
343.1,1.08168761
343.15,1.07367659
343.2,1.05546257
343.25,1.03324026
343.3,1.01024858
343.35,0.98554225
343.4,0.96225422
343.45,0.95274749
343.5,0.96961898
343.55,1.00265694
343.6,1.0182055
343.65,1.00560159
343.7,0.97874763
343.75,0.94496902
343.8,0.91143916
343.85,0.88507513
343.9,0.86406644
343.95,0.84068778
344,0.80345286
344.05,0.75155534
344.1,0.69528583
344.15,0.64457082
344.2,0.61446686
344.25,0.60710362
344.3,0.60808522
344.35,0.6102085
344.4,0.61148561
344.45,0.61727522
344.5,0.63911245
344.55,0.67668201
344.6,0.71331398
344.65,0.73288887
344.7,0.74144667
344.75,0.75689826
344.8,0.78845388
344.85,0.82729857
344.9,0.8553422
344.95,0.8705772
345,0.88388139
345.05,0.90451048
345.1,0.93216526
345.15,0.95408442
345.2,0.95892624
345.25,0.94319926
345.3,0.91527929
345.35,0.89432936
345.4,0.89137027
345.45,0.9108421
345.5,0.94648707
345.55,0.96986264
345.6,0.96656593
345.65,0.94938973
345.7,0.92941793
345.75,0.91204603
345.8,0.89800529
345.85,0.87955579
345.9,0.85411251
345.95,0.83440257
346,0.82763491
346.05,0.82206528
346.1,0.81303251
346.15,0.80649976
346.2,0.80363679
346.25,0.80779613
346.3,0.82468676
346.35,0.85534413
346.4,0.89101503
346.45,0.9170265
346.5,0.9295007
346.55,0.92896247
346.6,0.90759159
346.65,0.875417
346.7,0.86073294
346.75,0.8725469
346.8,0.90279616
346.85,0.93654902
346.9,0.95792093
346.95,0.96567715
347,0.96883362
347.05,0.98052255
347.1,0.99782562
347.15,0.9981704
347.2,0.97526133
347.25,0.94063131
347.3,0.90918315
347.35,0.88883854
347.4,0.8688586
347.45,0.83871466
347.5,0.80423243
347.55,0.7761171
347.6,0.75556018
347.65,0.74229654
347.7,0.7395847
347.75,0.74807612
347.8,0.76749851
347.85,0.79687898
347.9,0.8309297
347.95,0.86264608
348,0.89017598
348.05,0.91175038
348.1,0.92294666
348.15,0.92478936
348.2,0.92432352
348.25,0.92318913
348.3,0.91611694
348.35,0.89892348
348.4,0.87964482
348.45,0.87183643
348.5,0.87548956
348.55,0.87946333
348.6,0.88009733
348.65,0.88831963
348.7,0.91005668
348.75,0.9363636
348.8,0.95336969
348.85,0.95071099
348.9,0.92881427
348.95,0.89687649
349,0.86545263
349.05,0.83920694
349.1,0.81828985
349.15,0.80941576
349.2,0.81772402
349.25,0.82763669
349.3,0.82041771
349.35,0.80404216
349.4,0.80329479
349.45,0.83088339
349.5,0.86913029
349.55,0.89215449
349.6,0.89219065
349.65,0.87685462
349.7,0.86404529
349.75,0.86410565
349.8,0.87162529
349.85,0.88920155
349.9,0.92971298
349.95,0.98710419
350,1.04067426
350.05,1.07254345
350.1,1.07873426
350.15,1.07861286
350.2,1.08969966
350.25,1.10309922
350.3,1.10677787
350.35,1.11239675
350.4,1.13233503
350.45,1.1545418
350.5,1.14912814
350.55,1.10618782
350.6,1.05834747
350.65,1.02603105
350.7,0.99937446
350.75,0.9815111
350.8,0.9841034
350.85,0.99665219
350.9,1.00360347
350.95,1.00281361
351,0.98901086
351.05,0.95762503
351.1,0.92171943
351.15,0.90541349
351.2,0.91047335
351.25,0.90941048
351.3,0.88979717
351.35,0.86500852
351.4,0.84164637
351.45,0.82385707
351.5,0.81778815
351.55,0.8228649
351.6,0.84763983
351.65,0.89397486
351.7,0.94022689
351.75,0.97610768
351.8,1.01123898
351.85,1.04101714
351.9,1.04903059
351.95,1.03938235
352,1.02077583
352.05,0.99086853
352.1,0.95201792
352.15,0.91266342
352.2,0.87876319
352.25,0.85922033
352.3,0.85533691
352.35,0.84576409
352.4,0.81933543
352.45,0.78333148
352.5,0.74931138
352.55,0.73622694
352.6,0.7451733
352.65,0.75002534
352.7,0.74688464
352.75,0.76793251
352.8,0.8201146
352.85,0.87654716
352.9,0.92881162
352.95,0.97568205
353,1.00427952
353.05,1.01705329
353.1,1.02839576
353.15,1.04362987
353.2,1.05061432
353.25,1.0401039
353.3,1.02212466
353.35,1.01014079
353.4,1.02209799
353.45,1.06028575
353.5,1.09740996
353.55,1.11120592
353.6,1.10383812
353.65,1.09183236
353.7,1.08691759
353.75,1.08837419
353.8,1.09049254
353.85,1.09478173
353.9,1.11028169
353.95,1.13925109
354,1.17359731
354.05,1.18885438
354.1,1.16840523
354.15,1.13487313
354.2,1.11192937
354.25,1.10350292
354.3,1.1078563
354.35,1.11961717
354.4,1.13220873
354.45,1.14169109
354.5,1.14649457
354.55,1.14235075
354.6,1.12800894
354.65,1.11110831
354.7,1.10691267
354.75,1.11164283
354.8,1.10069755
354.85,1.07677381
354.9,1.07068535
354.95,1.09679151
355,1.1322311
355.05,1.15170285
355.1,1.15224719
355.15,1.13848249
355.2,1.11625184
355.25,1.09018038
355.3,1.06217137
355.35,1.03171317
355.4,1.00238387
355.45,0.98320843
355.5,0.97540091
355.55,0.98248253
355.6,1.01750059
355.65,1.06613121
355.7,1.08731857
355.75,1.07892316
355.8,1.07434083
355.85,1.07478903
355.9,1.05821725
355.95,1.0342262
356,1.03324613
356.05,1.04957656
356.1,1.05559064
356.15,1.04949383
356.2,1.04453377
356.25,1.04765064
356.3,1.05692628
356.35,1.06326181
356.4,1.05572347
356.45,1.01976161
356.5,0.95395411
356.55,0.8781499
356.6,0.80629214
356.65,0.75414789
356.7,0.73987478
356.75,0.75326419
356.8,0.77554123
356.85,0.80010352
356.9,0.80953358
356.95,0.79091649
357,0.75647592
357.05,0.72015535
357.1,0.70447297
357.15,0.73269502
357.2,0.7816807
357.25,0.79234797
357.3,0.78824706
357.35,0.81184854
357.4,0.83540796
357.45,0.8427941
357.5,0.84342494
357.55,0.8485904
357.6,0.85678896
357.65,0.86494826
357.7,0.87376356
357.75,0.88299087
357.8,0.88323591
357.85,0.86400633
357.9,0.82642298
357.95,0.7869943
358,0.76452914
358.05,0.74833403
358.1,0.71466293
358.15,0.66303206
358.2,0.61502344
358.25,0.59814496
358.3,0.61388616
358.35,0.64335847
358.4,0.67284461
358.45,0.68729368
358.5,0.67916536
358.55,0.6544377
358.6,0.62582465
358.65,0.61648336
358.7,0.6311749
358.75,0.64766718
358.8,0.66290164
358.85,0.69289318
358.9,0.7339119
358.95,0.76769105
359,0.79063266
359.05,0.8173139
359.1,0.8621749
359.15,0.91907667
359.2,0.97040546
359.25,1.00538244
359.3,1.01704522
359.35,1.00641506
359.4,0.99038301
359.45,0.99056194
359.5,1.01316042
359.55,1.04458712
359.6,1.0714814
359.65,1.09447252
359.7,1.11944063
359.75,1.13949477
359.8,1.14298852
359.85,1.13663916
359.9,1.13353533
359.95,1.13418268
360,1.13724759
360.05,1.14579746
360.1,1.15722169
360.15,1.16322424
360.2,1.14628676
360.25,1.10113211
360.3,1.04793005
360.35,1.00639369
360.4,0.98345167
360.45,0.97148445
360.5,0.96123015
360.55,0.94479576
360.6,0.92221431
360.65,0.91144028
360.7,0.91647127
360.75,0.92374899
360.8,0.92394603
360.85,0.89979975
360.9,0.84735594
360.95,0.79895242
361,0.78265634
361.05,0.79390649
361.1,0.81321382
361.15,0.83391457
361.2,0.86440981
361.25,0.89970118
361.3,0.91402007
361.35,0.90274871
361.4,0.88699917
361.45,0.88293636
361.5,0.8980187
361.55,0.92641283
361.6,0.95264235
361.65,0.96505405
361.7,0.96091603
361.75,0.94299914
361.8,0.91529114
361.85,0.87406783
361.9,0.81417734
361.95,0.76045404
362,0.74618933
362.05,0.77072043
362.1,0.81887282
362.15,0.86851108
362.2,0.89717805
362.25,0.91846532
362.3,0.9574568
362.35,1.00073001
362.4,1.01552753
362.45,1.0057559
362.5,0.99940649
362.55,1.01317688
362.6,1.05070656
362.65,1.09684388
362.7,1.13362046
362.75,1.15473501
362.8,1.15800543
362.85,1.14810414
362.9,1.13522476
362.95,1.12523002
363,1.11111819
363.05,1.07443582
363.1,1.01467118
363.15,0.9486374
363.2,0.88395013
363.25,0.84520978
363.3,0.85380372
363.35,0.88730484
363.4,0.92226939
363.45,0.9434405
363.5,0.94207962
363.55,0.93398941
363.6,0.94099878
363.65,0.97012616
363.7,0.99966892
363.75,1.00923022
363.8,1.01334004
363.85,1.02635628
363.9,1.04640435
363.95,1.07177843
364,1.09613322
364.05,1.10990625
364.1,1.11383138
364.15,1.11290487
364.2,1.10530286
364.25,1.09197289
364.3,1.0757685
364.35,1.05486594
364.4,1.03293362
364.45,1.01764385
364.5,1.00429874
364.55,0.98157094
364.6,0.9582205
364.65,0.95435467
364.7,0.96691457
364.75,0.96869399
364.8,0.94015001
364.85,0.90027609
364.9,0.88635435
364.95,0.91030131
365,0.94528554
365.05,0.96405072
365.1,0.98041588
365.15,1.01026478
365.2,1.03994759
365.25,1.06167914
365.3,1.09083058
365.35,1.13421167
365.4,1.16888714
365.45,1.1768499
365.5,1.17523723
365.55,1.18113431
365.6,1.18628847
365.65,1.18743736
365.7,1.19853316
365.75,1.22171911
365.8,1.23990533
365.85,1.24310961
365.9,1.24693346
365.95,1.26496142
366,1.28305072
366.05,1.28318508
366.1,1.26893499
366.15,1.26147026
366.2,1.2660722
366.25,1.26729398
366.3,1.25538406
366.35,1.23600987
366.4,1.21925638
366.45,1.20397985
366.5,1.19047988
366.55,1.19186204
366.6,1.20984219
366.65,1.22612685
366.7,1.22019636
366.75,1.19759611
366.8,1.18804301
366.85,1.19626705
366.9,1.20062515
366.95,1.18368031
367,1.1530365
367.05,1.13284406
367.1,1.13110797
367.15,1.14769552
367.2,1.17942445
367.25,1.2127559
367.3,1.23522892
367.35,1.24008319
367.4,1.22667657
367.45,1.20649699
367.5,1.19169198
367.55,1.18847929
367.6,1.19770895
367.65,1.20382451
367.7,1.19330476
367.75,1.16834223
367.8,1.12780349
367.85,1.08481731
367.9,1.06722609
367.95,1.07285572
368,1.07387596
368.05,1.05088479
368.1,1.02177002
368.15,1.01872663
368.2,1.04255589
368.25,1.07017965
368.3,1.08277844
368.35,1.08565418
368.4,1.0957841
368.45,1.11459993
368.5,1.12475501
368.55,1.11463578
368.6,1.09194731
368.65,1.06972266
368.7,1.05845665
368.75,1.05164807
368.8,1.03522203
368.85,1.02007659
368.9,1.03033574
368.95,1.0645287
369,1.09782086
369.05,1.12562343
369.1,1.16035641
369.15,1.202859
369.2,1.24212614
369.25,1.26946482
369.3,1.28309581
369.35,1.27501255
369.4,1.24395658
369.45,1.20997495
369.5,1.19190452
369.55,1.19709261
369.6,1.2173865
369.65,1.22985228
369.7,1.22948429
369.75,1.22890645
369.8,1.23329499
369.85,1.24230103
369.9,1.25450722
369.95,1.26761944
370,1.28336786
370.05,1.30145026
370.1,1.31001529
370.15,1.29949647
370.2,1.2745647
370.25,1.24851285
370.3,1.23040071
370.35,1.21609496
370.4,1.1945605
370.45,1.1499447
370.5,1.09227091
370.55,1.05471179
370.6,1.03212794
370.65,1.001642
370.7,0.97973517
370.75,0.98936383
370.8,1.00977557
370.85,1.01486523
370.9,1.01457261
370.95,1.02148388
371,1.02597683
371.05,1.03221477
371.1,1.06761364
371.15,1.12555782
371.2,1.16794798
371.25,1.19129792
371.3,1.21536037
371.35,1.24505757
371.4,1.27640831
371.45,1.30528537
371.5,1.33118617
371.55,1.34412252
371.6,1.33180922
371.65,1.30484276
371.7,1.27985287
371.75,1.26554346
371.8,1.25943721
371.85,1.24406772
371.9,1.20756504
371.95,1.14570422
372,1.0620661
372.05,0.97771746
372.1,0.91605229
372.15,0.89244217
372.2,0.90033223
372.25,0.91209276
372.3,0.9167858
372.35,0.93555544
372.4,0.98976184
372.45,1.05914721
372.5,1.1072491
372.55,1.13436068
372.6,1.16097018
372.65,1.19176712
372.7,1.21145579
372.75,1.19602366
372.8,1.13459586
372.85,1.06696097
372.9,1.05613167
372.95,1.10171842
373,1.14852085
373.05,1.15673792
373.1,1.1270234
373.15,1.09345441
373.2,1.07881199
373.25,1.06512074
373.3,1.03197972
373.35,0.97824536
373.4,0.91610259
373.45,0.86154526
373.5,0.81365081
373.55,0.76774131
373.6,0.73855113
373.65,0.73824111
373.7,0.75701853
373.75,0.76997518
373.8,0.772182
373.85,0.78874418
373.9,0.84017872
373.95,0.91399826
374,0.97047051
374.05,1.00152897
374.1,1.02995578
374.15,1.06241441
374.2,1.08330137
374.25,1.07904945
374.3,1.05933307
374.35,1.0284138
374.4,0.97906945
374.45,0.92688297
374.5,0.89874139
374.55,0.89532713
374.6,0.87938205
374.65,0.83479792
374.7,0.80228321
374.75,0.81070824
374.8,0.84190059
374.85,0.85543937
374.9,0.83488741
374.95,0.79881092
375,0.76983639
375.05,0.76732281
375.1,0.80131254
375.15,0.86221807
375.2,0.93334412
375.25,1.00697088
375.3,1.07049417
375.35,1.11070261
375.4,1.13377091
375.45,1.15936018
375.5,1.19943179
375.55,1.24129704
375.6,1.27025557
375.65,1.28599085
375.7,1.28342806
375.75,1.25666452
375.8,1.20753664
375.85,1.13084892
375.9,1.04127202
375.95,0.98698154
376,0.98617165
376.05,1.01972021
376.1,1.06863467
376.15,1.1080527
376.2,1.12124807
376.25,1.11856677
376.3,1.12008808
376.35,1.12661063
376.4,1.11630022
376.45,1.08460214
376.5,1.05920662
376.55,1.07716662
376.6,1.1258457
376.65,1.15032484
376.7,1.14297558
376.75,1.11528898
376.8,1.07882009
376.85,1.06962306
376.9,1.09669474
376.95,1.13875075
377,1.17269674
377.05,1.18120699
377.1,1.16958193
377.15,1.15990468
377.2,1.17113903
377.25,1.20885467
377.3,1.25599987
377.35,1.29328452
377.4,1.32097418
377.45,1.33940912
377.5,1.34736124
377.55,1.35240311
377.6,1.3577673
377.65,1.36062541
377.7,1.36579294
377.75,1.38001203
377.8,1.39771464
377.85,1.40549106
377.9,1.40140935
377.95,1.39901885
378,1.40895442
378.05,1.43450977
378.1,1.46672003
378.15,1.48553636
378.2,1.48546889
378.25,1.4767549
378.3,1.46966031
378.35,1.4685735
378.4,1.46777198
378.45,1.46312444
378.5,1.4666589
378.55,1.47301037
378.6,1.44749391
378.65,1.38552012
378.7,1.31061009
378.75,1.25359915
378.8,1.23176314
378.85,1.21857204
378.9,1.19832817
378.95,1.18017914
379,1.16059107
379.05,1.13596094
379.1,1.11790614
379.15,1.12371553
379.2,1.15224005
379.25,1.17753227
379.3,1.18319508
379.35,1.16434103
379.4,1.12610482
379.45,1.09306618
379.5,1.07366661
379.55,1.05418542
379.6,1.03526284
379.65,1.03561439
379.7,1.05179025
379.75,1.05687754
379.8,1.03595729
379.85,0.99876206
379.9,0.97222192
379.95,0.96980413
380,0.98263127
380.05,1.01037355
380.1,1.06601031
380.15,1.13430826
380.2,1.17919973
380.25,1.19467023
380.3,1.20954224
380.35,1.24719809
380.4,1.29258138
380.45,1.3245662
380.5,1.33847934
380.55,1.33652626
380.6,1.32906804
380.65,1.32352369
380.7,1.30941586
380.75,1.27646529
380.8,1.24412541
380.85,1.2371436
380.9,1.26121221
380.95,1.29872045
381,1.32407457
381.05,1.33854159
381.1,1.34992326
381.15,1.35031478
381.2,1.33586636
381.25,1.31539327
381.3,1.29199154
381.35,1.24887407
381.4,1.18325299
381.45,1.12624763
381.5,1.09466941
381.55,1.07196224
381.6,1.03738358
381.65,0.99260946
381.7,0.96430131
381.75,0.97534968
381.8,1.01918512
381.85,1.05781368
381.9,1.06411476
381.95,1.04828683
382,1.01202987
382.05,0.94641206
382.1,0.87325021
382.15,0.82676812
382.2,0.82191159
382.25,0.85528295
382.3,0.90339259
382.35,0.93503725
382.4,0.94106857
382.45,0.91569673
382.5,0.85969283
382.55,0.80196544
382.6,0.76133477
382.65,0.73077226
382.7,0.70815922
382.75,0.70410874
382.8,0.71262529
382.85,0.71420865
382.9,0.71175682
382.95,0.71668229
383,0.7223276
383.05,0.72420707
383.1,0.73549246
383.15,0.75442501
383.2,0.75511998
383.25,0.73164311
383.3,0.6958425
383.35,0.66469718
383.4,0.6574278
383.45,0.6646886
383.5,0.66906176
383.55,0.67822999
383.6,0.70209455
383.65,0.73035205
383.7,0.75099294
383.75,0.76320301
383.8,0.76239219
383.85,0.74508601
383.9,0.72220908
383.95,0.71047684
384,0.72246844
384.05,0.74896818
384.1,0.7684155
384.15,0.77931301
384.2,0.80553241
384.25,0.86911963
384.3,0.94882225
384.35,1.00918406
384.4,1.04207663
384.45,1.05931437
384.5,1.08077518
384.55,1.10908054
384.6,1.12713003
384.65,1.12914787
384.7,1.12819117
384.75,1.13387516
384.8,1.1477835
384.85,1.17122776
384.9,1.18921749
384.95,1.18449395
385,1.16151109
385.05,1.12203025
385.1,1.08041186
385.15,1.07027319
385.2,1.09545844
385.25,1.13209197
385.3,1.15514397
385.35,1.15167846
385.4,1.13112061
385.45,1.10659518
385.5,1.08084807
385.55,1.06156408
385.6,1.0514839
385.65,1.03602787
385.7,1.00699957
385.75,0.98881156
385.8,1.00007433
385.85,1.00943223
385.9,0.98886321
385.95,0.94317961
386,0.89344888
386.05,0.86203919
386.1,0.8542044
386.15,0.87185501
386.2,0.91471701
386.25,0.9728714
386.3,1.03621886
386.35,1.09767095
386.4,1.14167351
386.45,1.15532905
386.5,1.15515137
386.55,1.15439667
386.6,1.14213335
386.65,1.12049969
386.7,1.11197334
386.75,1.12053131
386.8,1.12538468
386.85,1.1162031
386.9,1.10326127
386.95,1.09439736
387,1.08214135
387.05,1.05735147
387.1,1.02138883
387.15,0.98401404
387.2,0.95398727
387.25,0.93738452
387.3,0.93574172
387.35,0.94497725
387.4,0.96808484
387.45,1.01232656
387.5,1.07176323
387.55,1.12599351
387.6,1.15848757
387.65,1.16584212
387.7,1.1532626
387.75,1.1301825
387.8,1.10168871
387.85,1.06015132
387.9,1.00253469
387.95,0.96470623
388,0.97774387
388.05,1.01380387
388.1,1.03486348
388.15,1.0338229
388.2,1.01906458
388.25,0.99927932
388.3,0.97631403
388.35,0.95980353
388.4,0.97730014
388.45,1.03046978
388.5,1.07772377
388.55,1.08818594
388.6,1.06032488
388.65,1.01249554
388.7,0.97130379
388.75,0.95161009
388.8,0.96487907
388.85,0.99832625
388.9,1.01475187
388.95,1.00435676
389,0.99553135
389.05,1.0202512
389.1,1.07286526
389.15,1.12577643
389.2,1.1713828
389.25,1.21434186
389.3,1.24819858
389.35,1.26533968
389.4,1.26766844
389.45,1.26752104
389.5,1.27809987
389.55,1.28922341
389.6,1.28057948
389.65,1.2629594
389.7,1.27835958
389.75,1.32745333
389.8,1.3591507
389.85,1.35092111
389.9,1.32990203
389.95,1.32177237
390,1.317361
390.05,1.30354327
390.1,1.29457582
390.15,1.31078677
390.2,1.34159135
390.25,1.36007776
390.3,1.34351016
390.35,1.2929956
390.4,1.25187815
390.45,1.24441857
390.5,1.25691604
390.55,1.26123671
390.6,1.2357888
390.65,1.20396491
390.7,1.19787774
390.75,1.23206795
390.8,1.29602594
390.85,1.35026821
390.9,1.38059581
390.95,1.40306053
391,1.42155217
391.05,1.42747229
391.1,1.42344874
391.15,1.42372564
391.2,1.4414218
391.25,1.47025501
391.3,1.49129809
391.35,1.49903605
391.4,1.48737336
391.45,1.45928599
391.5,1.44110511
391.55,1.44348786
391.6,1.45125691
391.65,1.44196729
391.7,1.41436587
391.75,1.39267152
391.8,1.3869076
391.85,1.38391979
391.9,1.36426637
391.95,1.32922528
392,1.30001982
392.05,1.27445822
392.1,1.23171035
392.15,1.17945775
392.2,1.14612828
392.25,1.14395649
392.3,1.1527281
392.35,1.14511839
392.4,1.13079466
392.45,1.13078507
392.5,1.1381218
392.55,1.12747381
392.6,1.09065865
392.65,1.04495056
392.7,1.004719
392.75,0.968415
392.8,0.92503739
392.85,0.86849163
392.9,0.80540742
392.95,0.75311667
393,0.71572494
393.05,0.67906244
393.1,0.63803017
393.15,0.59802595
393.2,0.56300596
393.25,0.53151324
393.3,0.50123853
393.35,0.47156622
393.4,0.44403295
393.45,0.42739145
393.5,0.42630429
393.55,0.43765164
393.6,0.46007998
393.65,0.48964544
393.7,0.52216677
393.75,0.55965697
393.8,0.60328771
393.85,0.64974126
393.9,0.69683079
393.95,0.74588176
394,0.79887054
394.05,0.85207035
394.1,0.89518637
394.15,0.92515864
394.2,0.94882406
394.25,0.97410542
394.3,1.00270965
394.35,1.02542351
394.4,1.03368505
394.45,1.03002271
394.5,1.03520383
394.55,1.06848602
394.6,1.12447128
394.65,1.19188484
394.7,1.25434989
394.75,1.28777782
394.8,1.29301207
394.85,1.29280252
394.9,1.30027253
394.95,1.32121791
395,1.35373196
395.05,1.38721733
395.1,1.41698952
395.15,1.44038771
395.2,1.45286633
395.25,1.45288555
395.3,1.43468888
395.35,1.40341296
395.4,1.39480731
395.45,1.42451858
395.5,1.45970097
395.55,1.46925236
395.6,1.45017933
395.65,1.41666938
395.7,1.38484796
395.75,1.36744434
395.8,1.36855956
395.85,1.37571642
395.9,1.37552221
395.95,1.36973309
396,1.3577231
396.05,1.32361852
396.1,1.2649534
396.15,1.18786839
396.2,1.09312734
396.25,1.0087611
396.3,0.96261162
396.35,0.93978264
396.4,0.91709622
396.45,0.88835501
396.5,0.85405556
396.55,0.81660163
396.6,0.77442894
396.65,0.72319538
396.7,0.66849471
396.75,0.62192926
396.8,0.58624445
396.85,0.55367302
396.9,0.5251088
396.95,0.51198912
397,0.51702134
397.05,0.53890784
397.1,0.57579139
397.15,0.61879402
397.2,0.65927072
397.25,0.69931846
397.3,0.74582689
397.35,0.79678012
397.4,0.84447845
397.45,0.88756817
397.5,0.93477284
397.55,0.99739841
397.6,1.06705308
397.65,1.12114858
397.7,1.1584725
397.75,1.19779747
397.8,1.25110231
397.85,1.30720962
397.9,1.35375658
397.95,1.39825683
398,1.44692969
398.05,1.49334351
398.1,1.52886097
398.15,1.54953683
398.2,1.55467483
398.25,1.55102732
398.3,1.55187693
398.35,1.56024944
398.4,1.56485757
398.45,1.56390329
398.5,1.56931802
398.55,1.58495942
398.6,1.60552876
398.65,1.61597487
398.7,1.60766742
398.75,1.59841066
398.8,1.61615034
398.85,1.66454816
398.9,1.7069748
398.95,1.71846538
399,1.70888328
399.05,1.6943159
399.1,1.69456815
399.15,1.71239583
399.2,1.72825207
399.25,1.73560162
399.3,1.74295266
399.35,1.75300547
399.4,1.75865735
399.45,1.75230698
399.5,1.73593954
399.55,1.72150184
399.6,1.71521874
399.65,1.71235559
399.7,1.70472635
399.75,1.68608128
399.8,1.66376374
399.85,1.65178923
399.9,1.66359673
399.95,1.70252184
400,1.7480795
400.05,1.77432766
400.1,1.77239961
400.15,1.75625148
400.2,1.74786669
400.25,1.75401285
400.3,1.76767131
400.35,1.78079735
400.4,1.78401371
400.45,1.76754717
400.5,1.73034243
400.55,1.6684777
400.6,1.59992846
400.65,1.57286506
400.7,1.58754507
400.75,1.61095816
400.8,1.6405537
400.85,1.68027524
400.9,1.71436268
400.95,1.72883867
401,1.72815177
401.05,1.72740354
401.1,1.73522927
401.15,1.74672768
401.2,1.75698633
401.25,1.76316305
401.3,1.76701324
401.35,1.77527475
401.4,1.78352857
401.45,1.77883682
401.5,1.76755323
401.55,1.77038119
401.6,1.78556022
401.65,1.79754869
401.7,1.79533812
401.75,1.77471302
401.8,1.74774341
401.85,1.73283976
401.9,1.74602932
401.95,1.78443482
402,1.81760362
402.05,1.82443966
402.1,1.81034909
402.15,1.79732561
402.2,1.79695506
402.25,1.79725245
402.3,1.7962272
402.35,1.80269395
402.4,1.80943335
402.45,1.80422148
402.5,1.78581947
402.55,1.76560659
402.6,1.76221804
402.65,1.77585393
402.7,1.7905476
402.75,1.80104417
402.8,1.80903426
402.85,1.81182229
402.9,1.80817467
402.95,1.80137407
403,1.78541105
403.05,1.74611141
403.1,1.6879506
403.15,1.63573661
403.2,1.61584036
403.25,1.62407528
403.3,1.62407651
403.35,1.60675879
403.4,1.59704204
403.45,1.60807042
403.5,1.62680877
403.55,1.64153553
403.6,1.65845914
403.65,1.68752283
403.7,1.72637638
403.75,1.76103687
403.8,1.78793101
403.85,1.80972298
403.9,1.81983502
403.95,1.81703061
404,1.80952164
404.05,1.79705071
404.1,1.77440331
404.15,1.75029596
404.2,1.73861995
404.25,1.74680164
404.3,1.77151882
404.35,1.78408023
404.4,1.76102222
404.45,1.71204483
404.5,1.65204387
404.55,1.57471435
404.6,1.48776851
404.65,1.43007755
404.7,1.42930074
404.75,1.4920185
404.8,1.58329215
404.85,1.65241261
404.9,1.68844223
404.95,1.70219778
405,1.7126739
405.05,1.73317488
405.1,1.75589993
405.15,1.77010815
405.2,1.76800772
405.25,1.74868762
405.3,1.72375513
405.35,1.70618822
405.4,1.70240656
405.45,1.70366349
405.5,1.69354534
405.55,1.67226159
405.6,1.65785776
405.65,1.66085259
405.7,1.67079553
405.75,1.66791982
405.8,1.63811867
405.85,1.59997489
405.9,1.58637897
405.95,1.59582343
406,1.61444275
406.05,1.64323203
406.1,1.67501144
406.15,1.69093589
406.2,1.68501159
406.25,1.6618809
406.3,1.62118791
406.35,1.56761418
406.4,1.5104574
406.45,1.45049175
406.5,1.45151012
406.55,1.51726329
406.6,1.57049957
406.65,1.59202117
406.7,1.5825199
406.75,1.56707758
406.8,1.57289446
406.85,1.6028357
406.9,1.65401992
406.95,1.71209146
407,1.74886353
407.05,1.75525235
407.1,1.73037017
407.15,1.66065447
407.2,1.5671563
407.25,1.50889934
407.3,1.51801357
407.35,1.58889956
407.4,1.67287873
407.45,1.71414281
407.5,1.7150069
407.55,1.69948274
407.6,1.68033676
407.65,1.65703176
407.7,1.61968582
407.75,1.57307769
407.8,1.53433069
407.85,1.51968425
407.9,1.53583347
407.95,1.57263916
408,1.61182839
408.05,1.65150735
408.1,1.69950225
408.15,1.74851977
408.2,1.7868984
408.25,1.80569515
408.3,1.80188493
408.35,1.78446979
408.4,1.75781543
408.45,1.72808499
408.5,1.70836973
408.55,1.70137065
408.6,1.70720505
408.65,1.73163455
408.7,1.769523
408.75,1.80819786
408.8,1.84784118
408.85,1.89001214
408.9,1.92237329
408.95,1.93638629
409,1.94037377
409.05,1.9382166
409.1,1.92942567
409.15,1.88817938
409.2,1.8801328
409.25,1.9163869
409.3,1.9557399
409.35,1.93745328
409.4,1.91482117
409.45,1.89816585
409.5,1.8608996
409.55,1.83303232
409.6,1.83170908
409.65,1.88228205
409.7,1.85204781
409.75,1.78612859
409.8,1.74529497
409.85,1.71234617
409.9,1.67683677
409.95,1.63033698
410,1.58523623
410.05,1.51229567
410.1,1.47272946
410.15,1.43861949
410.2,1.42423771
410.25,1.43065635
410.3,1.41973011
410.35,1.40866187
410.4,1.43352744
410.45,1.52234253
410.5,1.59505285
410.55,1.68314918
410.6,1.76123826
410.65,1.79901434
410.7,1.84238992
410.75,1.86309215
410.8,1.88431603
410.85,1.88796098
410.9,1.91626545
410.95,1.91227012
411,1.89739985
411.05,1.91074506
411.1,1.90303047
411.15,1.88706866
411.2,1.86222481
411.25,1.892203
411.3,1.90548713
411.35,1.9034889
411.4,1.90128955
411.45,1.89874978
411.5,1.91149107
411.55,1.91586192
411.6,1.94888605
411.65,1.99783862
411.7,2.02732124
411.75,1.97184959
411.8,1.94538326
411.85,1.96622541
411.9,1.98486927
411.95,2.00744336
412,1.98710023
412.05,1.95772051
412.1,1.93036094
412.15,1.89331968
412.2,1.86814864
412.25,1.87778407
412.3,1.91697058
412.35,1.92079372
412.4,1.94456113
412.45,1.9172019
412.5,1.8826861
412.55,1.91614479
412.6,1.93341364
412.65,1.90476984
412.7,1.88275767
412.75,1.91324155
412.8,1.91541609
412.85,1.90004406
412.9,1.87542376
412.95,1.86659859
413,1.90820626
413.05,1.87459746
413.1,1.77596635
413.15,1.76009013
413.2,1.80331269
413.25,1.80148574
413.3,1.7534564
413.35,1.70915263
413.4,1.69327678
413.45,1.70533052
413.5,1.72384063
413.55,1.71876242
413.6,1.77291878
413.65,1.84843026
413.7,1.88361949
413.75,1.90256105
413.8,1.96184925
413.85,2.03117442
413.9,2.04537049
413.95,2.04711184
414,2.03857134
414.05,2.0105313
414.1,1.9942668
414.15,1.98341658
414.2,1.92472501
414.25,1.79556772
414.3,1.71919907
414.35,1.71674955
414.4,1.72957874
414.45,1.73240443
414.5,1.73016649
414.55,1.75095031
414.6,1.76510658
414.65,1.76276504
414.7,1.80491042
414.75,1.91145588
414.8,1.97187595
414.85,1.93945203
414.9,1.89991297
414.95,1.89653926
415,1.93369014
415.05,1.91998643
415.1,1.87628747
415.15,1.93178486
415.2,1.95951304
415.25,1.88257061
415.3,1.80464155
415.35,1.80041942
415.4,1.84551755
415.45,1.89660831
415.5,1.86723483
415.55,1.7923139
415.6,1.80760223
415.65,1.79527831
415.7,1.73745139
415.75,1.72206242
415.8,1.77298956
415.85,1.86955925
415.9,1.91614087
415.95,1.89398583
416,1.85353622
416.05,1.88701839
416.1,1.93175604
416.15,1.92936172
416.2,1.95914889
416.25,1.97301486
416.3,1.99125962
416.35,1.98303787
416.4,1.95287362
416.45,1.9470257
416.5,1.98259878
416.55,2.00205298
416.6,1.93590142
416.65,1.87685921
416.7,1.85530298
416.75,1.85323525
416.8,1.8589591
416.85,1.84206157
416.9,1.85883355
416.95,1.8544855
417,1.82516514
417.05,1.76924564
417.1,1.739597
417.15,1.76533086
417.2,1.7570069
417.25,1.72091929
417.3,1.70627907
417.35,1.69828693
417.4,1.66273387
417.45,1.63019425
417.5,1.63832827
417.55,1.63002923
417.6,1.64524314
417.65,1.6413702
417.7,1.68096559
417.75,1.72176018
417.8,1.7495527
417.85,1.77921493
417.9,1.82610766
417.95,1.8527707
418,1.83295121
418.05,1.79754066
418.1,1.78669638
418.15,1.80999549
418.2,1.83905881
418.25,1.85207722
418.3,1.87009565
418.35,1.83429958
418.4,1.80223618
418.45,1.7984935
418.5,1.779284
418.55,1.75939387
418.6,1.74042889
418.65,1.69849429
418.7,1.72040208
418.75,1.73223017
418.8,1.66963278
418.85,1.65382545
418.9,1.68489256
418.95,1.70443492
419,1.6907371
419.05,1.68452442
419.1,1.74248269
419.15,1.84042432
419.2,1.9226161
419.25,1.88894477
419.3,1.88576601
419.35,1.90519397
419.4,1.87067447
419.45,1.82389752
419.5,1.76184316
419.55,1.75622539
419.6,1.79591839
419.65,1.80361437
419.7,1.7113128
419.75,1.62252372
419.8,1.62581086
419.85,1.65574636
419.9,1.66657768
419.95,1.68039493
420,1.7154167
420.05,1.70368085
420.1,1.65384957
420.15,1.62399246
420.2,1.61655163
420.25,1.64796978
420.3,1.71143588
420.35,1.72119892
420.4,1.68399324
420.45,1.72962826
420.5,1.7838428
420.55,1.74587058
420.6,1.7968036
420.65,1.88440607
420.7,1.916591
420.75,1.94231085
420.8,1.97820296
420.85,1.97245403
420.9,1.94483638
420.95,1.93520832
421,1.91254277
421.05,1.90885293
421.1,1.95719962
421.15,1.97098641
421.2,1.92070614
421.25,1.87191886
421.3,1.8359499
421.35,1.82195362
421.4,1.7870738
421.45,1.74319376
421.5,1.72007985
421.55,1.71157493
421.6,1.67766336
421.65,1.67238055
421.7,1.69130255
421.75,1.70195265
421.8,1.71873348
421.85,1.73151316
421.9,1.71569279
421.95,1.78265925
422,1.88237949
422.05,1.91666654
422.1,1.91027576
422.15,1.95084759
422.2,1.94722358
422.25,1.932953
422.3,1.92027326
422.35,1.91227763
422.4,1.88581077
422.45,1.82279333
422.5,1.71779386
422.55,1.55682186
422.6,1.45031427
422.65,1.4070102
422.7,1.39318742
422.75,1.38614967
422.8,1.37116486
422.85,1.35942654
422.9,1.38471774
422.95,1.45476413
423,1.55177487
423.05,1.68758602
423.1,1.82802609
423.15,1.89369189
423.2,1.85782058
423.25,1.81315908
423.3,1.85289487
423.35,1.93350236
423.4,1.94893278
423.45,1.87190485
423.5,1.77863636
423.55,1.71017415
423.6,1.66570839
423.65,1.65194982
423.7,1.6758197
423.75,1.70606581
423.8,1.67708177
423.85,1.59343673
423.9,1.53042886
423.95,1.54218214
424,1.63617356
424.05,1.74278586
424.1,1.7690327
424.15,1.7461186
424.2,1.72597678
424.25,1.72855065
424.3,1.77890988
424.35,1.83628757
424.4,1.87336098
424.45,1.89904928
424.5,1.91471076
424.55,1.87262414
424.6,1.82276768
424.65,1.83748647
424.7,1.845285
424.75,1.83224468
424.8,1.793687
424.85,1.71850151
424.9,1.65676597
424.95,1.59384708
425,1.55534079
425.05,1.58946621
425.1,1.65339502
425.15,1.70299722
425.2,1.72754744
425.25,1.74459313
425.3,1.71962703
425.35,1.70243118
425.4,1.71756232
425.45,1.75226355
425.5,1.78899228
425.55,1.8028508
425.6,1.80564412
425.65,1.80408566
425.7,1.77103484
425.75,1.72037454
425.8,1.7226586
425.85,1.72523294
425.9,1.66144121
425.95,1.62050869
426,1.61091326
426.05,1.55524255
426.1,1.5051159
426.15,1.49162835
426.2,1.50634752
426.25,1.54972543
426.3,1.56548419
426.35,1.57738106
426.4,1.65069489
426.45,1.76624249
426.5,1.84816337
426.55,1.90063137
426.6,1.91708169
426.65,1.86621312
426.7,1.82044819
426.75,1.81914936
426.8,1.84115189
426.85,1.83872489
426.9,1.82132854
426.95,1.8055753
427,1.70309026
427.05,1.57070138
427.1,1.51779478
427.15,1.55121636
427.2,1.58269917
427.25,1.53752584
427.3,1.48721822
427.35,1.4559236
427.4,1.42997032
427.45,1.40814546
427.5,1.45905475
427.55,1.57058952
427.6,1.64941422
427.65,1.67108932
427.7,1.68240843
427.75,1.73836257
427.8,1.7856659
427.85,1.78161988
427.9,1.7739161
427.95,1.76907367
428,1.74933457
428.05,1.74310034
428.1,1.72983242
428.15,1.68799708
428.2,1.6812298
428.25,1.69818198
428.3,1.67167571
428.35,1.65616034
428.4,1.67416678
428.45,1.69307723
428.5,1.69011595
428.55,1.66405558
428.6,1.65913186
428.65,1.69474624
428.7,1.72406222
428.75,1.67227229
428.8,1.57774458
428.85,1.52314097
428.9,1.49463163
428.95,1.47076757
429,1.45808366
429.05,1.4753576
429.1,1.47454681
429.15,1.46400372
429.2,1.46573567
429.25,1.45944117
429.3,1.46351199
429.35,1.50246732
429.4,1.53317063
429.45,1.5695368
429.5,1.6435788
429.55,1.66343194
429.6,1.64143014
429.65,1.62706601
429.7,1.60785953
429.75,1.54998495
429.8,1.48645453
429.85,1.44328791
429.9,1.39981884
429.95,1.34560155
430,1.29265712
430.05,1.27284867
430.1,1.2491444
430.15,1.21126749
430.2,1.17752585
430.25,1.15886484
430.3,1.18452857
430.35,1.21521013
430.4,1.23649538
430.45,1.26442805
430.5,1.32437666
430.55,1.31490124
430.6,1.28024575
430.65,1.2455285
430.7,1.19897871
430.75,1.18043119
430.8,1.14504689
430.85,1.1097913
430.9,1.09344714
430.95,1.08334254
431,1.05809929
431.05,1.02237402
431.1,0.99655915
431.15,0.99784161
431.2,1.09111865
431.25,1.1746469
431.3,1.22422566
431.35,1.27426512
431.4,1.31491837
431.45,1.39648627
431.5,1.48686014
431.55,1.56000748
431.6,1.65672298
431.65,1.79275706
431.7,1.891458
431.75,1.9212066
431.8,1.98558178
431.85,2.05972229
431.9,2.12040587
431.95,2.13431136
432,2.12773349
432.05,2.15533522
432.1,2.19380247
432.15,2.15910787
432.2,2.03096115
432.25,1.93590495
432.3,1.87947139
432.35,1.79539904
432.4,1.67636229
432.45,1.56407465
432.5,1.50263277
432.55,1.44867225
432.6,1.40311108
432.65,1.36713275
432.7,1.39626701
432.75,1.49922051
432.8,1.5925928
432.85,1.66068201
432.9,1.71336039
432.95,1.78655116
433,1.89313863
433.05,1.98014198
433.1,2.03523847
433.15,2.03564858
433.2,2.03093638
433.25,2.01894731
433.3,2.0063273
433.35,1.99558691
433.4,1.97615094
433.45,2.00622842
433.5,2.05244154
433.55,2.02593993
433.6,1.94578172
433.65,1.87481331
433.7,1.83177185
433.75,1.79164925
433.8,1.73350636
433.85,1.64843503
433.9,1.55263324
433.95,1.45377084
434,1.36384601
434.05,1.29183381
434.1,1.30340324
434.15,1.34425114
434.2,1.35682325
434.25,1.3672517
434.3,1.3724518
434.35,1.42258887
434.4,1.5212881
434.45,1.62187941
434.5,1.69454702
434.55,1.74826616
434.6,1.78541649
434.65,1.76659546
434.7,1.75656862
434.75,1.78426308
434.8,1.82182361
434.85,1.87049537
434.9,1.87327278
434.95,1.83432286
435,1.78073961
435.05,1.70892064
435.1,1.65076907
435.15,1.61855597
435.2,1.62617762
435.25,1.66185617
435.3,1.67847064
435.35,1.65261146
435.4,1.64040865
435.45,1.6452118
435.5,1.64999144
435.55,1.72140735
435.6,1.85311104
435.65,1.95696997
435.7,2.00432278
435.75,2.00387247
435.8,1.96817896
435.85,1.94099293
435.9,1.95605736
435.95,1.96242097
436,1.99905143
436.05,2.05352134
436.1,2.04861706
436.15,1.99457362
436.2,1.94093311
436.25,1.9453275
436.3,1.97735453
436.35,2.0294956
436.4,2.09352648
436.45,2.12253273
436.5,2.11046301
436.55,2.06961589
436.6,2.01448399
436.65,1.95105175
436.7,1.94718319
436.75,1.98961005
436.8,2.01155593
436.85,1.95600064
436.9,1.90581141
436.95,1.8737577
437,1.80976811
437.05,1.80261826
437.1,1.81017262
437.15,1.81771948
437.2,1.85434048
437.25,1.84640989
437.3,1.77894299
437.35,1.73681514
437.4,1.74084081
437.45,1.69168372
437.5,1.67674748
437.55,1.7089776
437.6,1.68926568
437.65,1.680526
437.7,1.69081282
437.75,1.69344966
437.8,1.71584754
437.85,1.75292006
437.9,1.78360492
437.95,1.81674552
438,1.88656835
438.05,1.93733503
438.1,1.9409331
438.15,1.89319384
438.2,1.78486544
438.25,1.67288541
438.3,1.60548691
438.35,1.52773517
438.4,1.45674873
438.45,1.45047928
438.5,1.48066188
438.55,1.46424553
438.6,1.41909716
438.65,1.41750458
438.7,1.50458907
438.75,1.64602365
438.8,1.75569728
438.85,1.81628896
438.9,1.87329449
438.95,1.87827588
439,1.85422876
439.05,1.8324085
439.1,1.82143339
439.15,1.85167778
439.2,1.87579601
439.25,1.85071676
439.3,1.84366186
439.35,1.86102147
439.4,1.84375087
439.45,1.84834547
439.5,1.86242036
439.55,1.85389856
439.6,1.85810389
439.65,1.86523134
439.7,1.85245592
439.75,1.86167495
439.8,1.87996699
439.85,1.84442866
439.9,1.83141293
439.95,1.84433646
440,1.81335259
440.05,1.79359167
440.1,1.83340612
440.15,1.85481002
440.2,1.85008049
440.25,1.84732198
440.3,1.79498035
440.35,1.70588137
440.4,1.67425293
440.45,1.69216492
440.5,1.72376811
440.55,1.77000822
440.6,1.76810687
440.65,1.71984767
440.7,1.6735566
440.75,1.65041298
440.8,1.66183133
440.85,1.74517106
440.9,1.8532352
440.95,1.90311742
441,1.92203303
441.05,1.94336953
441.1,1.95052467
441.15,1.97681321
441.2,2.02679839
441.25,2.05352221
441.3,2.05951862
441.35,2.01937553
441.4,1.9340817
441.45,1.88576478
441.5,1.88418001
441.55,1.86571573
441.6,1.83933611
441.65,1.82629618
441.7,1.82110646
441.75,1.84581194
441.8,1.89187639
441.85,1.93566898
441.9,2.02840748
441.95,2.13868282
442,2.17017436
442.05,2.16894717
442.1,2.17034866
442.15,2.15889527
442.2,2.14532031
442.25,2.1223009
442.3,2.08743107
442.35,2.07740531
442.4,2.0633547
442.45,2.02335562
442.5,2.00233537
442.55,2.00358508
442.6,1.97732036
442.65,1.97071945
442.7,2.01257409
442.75,2.03924875
442.8,2.04540689
442.85,2.02169995
442.9,1.95527834
442.95,1.92447634
443,1.94479878
443.05,1.94642296
443.1,1.96290714
443.15,2.00006307
443.2,1.98928912
443.25,1.94608724
443.3,1.93914723
443.35,1.92329157
443.4,1.9091005
443.45,1.9471635
443.5,1.95522336
443.55,1.92081984
443.6,1.91326104
443.65,1.93057657
443.7,1.94140922
443.75,1.9872147
443.8,2.02675391
443.85,2.03503365
443.9,2.06999527
443.95,2.11481132
444,2.13721197
444.05,2.1460827
444.1,2.11893856
444.15,2.06063328
444.2,2.02211237
444.25,1.98891499
444.3,1.95023114
444.35,1.94518368
444.4,1.96830409
444.45,1.99889866
444.5,2.02116474
444.55,2.01688525
444.6,2.01418343
444.65,2.03055952
444.7,2.07954784
444.75,2.1348761
444.8,2.16427148
444.85,2.16963395
444.9,2.12837904
444.95,2.07820854
445,2.05222883
445.05,2.04535378
445.1,2.05940443
445.15,2.08050168
445.2,2.07973571
445.25,2.05575971
445.3,2.02494004
445.35,1.95247653
445.4,1.89682022
445.45,1.89484371
445.5,1.8850531
445.55,1.87083097
445.6,1.85127907
445.65,1.82822071
445.7,1.81489794
445.75,1.78907354
445.8,1.74845845
445.85,1.76358888
445.9,1.82386675
445.95,1.85939096
446,1.85038214
446.05,1.80535909
446.1,1.77217423
446.15,1.78203671
446.2,1.82224513
446.25,1.86066872
446.3,1.90289607
446.35,1.91361619
446.4,1.9189498
446.45,1.93994548
446.5,1.94014472
446.55,1.95480189
446.6,2.01325291
446.65,2.07112669
446.7,2.07025571
446.75,2.0467083
446.8,1.99419293
446.85,1.97456606
446.9,1.9836615
446.95,1.96345993
447,1.95261545
447.05,1.98952077
447.1,2.04056751
447.15,2.02021282
447.2,1.99878137
447.25,2.0220803
447.3,2.06522063
447.35,2.11053726
447.4,2.14805274
447.45,2.15504812
447.5,2.13008947
447.55,2.12192419
447.6,2.12675115
447.65,2.14422627
447.7,2.17549429
447.75,2.19324282
447.8,2.18227931
447.85,2.13514596
447.9,2.08571612
447.95,2.06326647
448,2.0649431
448.05,2.0703289
448.1,2.03121579
448.15,1.97914726
448.2,1.97170774
448.25,1.96078399
448.3,1.91629889
448.35,1.91622615
448.4,1.9775578
448.45,2.00250933
448.5,2.02667848
448.55,2.07441864
448.6,2.11795428
448.65,2.15905046
448.7,2.16453649
448.75,2.14048071
448.8,2.12098102
448.85,2.09921597
448.9,2.06244157
448.95,2.04960812
449,2.04309443
449.05,2.03056443
449.1,2.03558949
449.15,2.05206023
449.2,2.06616666
449.25,2.07126163
449.3,2.05785114
449.35,2.06070035
449.4,2.07616905
449.45,2.07847473
449.5,2.07530888
449.55,2.06255019
449.6,2.04656513
449.65,2.03694895
449.7,2.02329341
449.75,2.00006086
449.8,2.00083082
449.85,2.04995746
449.9,2.08737626
449.95,2.09398053
450,2.09469517
450.05,2.09656383
450.1,2.09574774
450.15,2.09326282
450.2,2.10121676
450.25,2.12514854
450.3,2.15743214
450.35,2.1504149
450.4,2.13999671
450.45,2.14148074
450.5,2.16305778
450.55,2.19745772
450.6,2.22467577
450.65,2.25681782
450.7,2.24830896
450.75,2.23086847
450.8,2.23018923
450.85,2.22718004
450.9,2.23405828
450.95,2.22502802
451,2.21184516
451.05,2.21061011
451.1,2.20582509
451.15,2.18830072
451.2,2.18763397
451.25,2.20675346
451.3,2.19316304
451.35,2.17601223
451.4,2.15409016
451.45,2.15139384
451.5,2.1750033
451.55,2.18608758
451.6,2.17907928
451.65,2.1559775
451.7,2.12023805
451.75,2.08354996
451.8,2.09311507
451.85,2.10312668
451.9,2.09498043
451.95,2.11479996
452,2.13008141
452.05,2.11990399
452.1,2.0854492
452.15,2.05320841
452.2,2.06451582
452.25,2.11763572
452.3,2.15205913
452.35,2.12326955
452.4,2.11034467
452.45,2.12610265
452.5,2.09171001
452.55,2.0302013
452.6,1.98178823
452.65,1.98828619
452.7,1.98742753
452.75,1.92721388
452.8,1.88054895
452.85,1.87378921
452.9,1.89843434
452.95,1.873946
453,1.80211768
453.05,1.81201902
453.1,1.86943454
453.15,1.89534196
453.2,1.87794828
453.25,1.88256431
453.3,1.9247971
453.35,1.93237382
453.4,1.89430489
453.45,1.82052271
453.5,1.82139828
453.55,1.90256936
453.6,1.93801794
453.65,1.94295053
453.7,1.97333865
453.75,2.00226975
453.8,2.03570138
453.85,2.07806122
453.9,2.08268291
453.95,2.09687159
454,2.13974963
454.05,2.16579634
454.1,2.1462162
454.15,2.13019117
454.2,2.12978885
454.25,2.12735909
454.3,2.11001997
454.35,2.07706749
454.4,2.03652454
454.45,2.02148553
454.5,2.04306876
454.55,2.05685159
454.6,2.05498226
454.65,2.0468278
454.7,2.03488338
454.75,2.01059093
454.8,1.94633441
454.85,1.90829335
454.9,1.93981787
454.95,1.98885205
455,2.01902675
455.05,2.0305987
455.1,2.0342985
455.15,2.05148626
455.2,2.07222951
455.25,2.06771871
455.3,2.04258788
455.35,2.07341182
455.4,2.10769335
455.45,2.05525216
455.5,1.9949803
455.55,1.9822861
455.6,1.98953547
455.65,2.00405579
455.7,1.9958734
455.75,1.96707709
455.8,1.98764603
455.85,2.01279233
455.9,2.00974068
455.95,2.02833973
456,2.08513284
456.05,2.14524503
456.1,2.16834425
456.15,2.16397839
456.2,2.14809255
456.25,2.14583219
456.3,2.15268001
456.35,2.14647432
456.4,2.13703896
456.45,2.12256981
456.5,2.10704956
456.55,2.08821544
456.6,2.06638361
456.65,2.06689504
456.7,2.06997877
456.75,2.07661903
456.8,2.0917627
456.85,2.101909
456.9,2.11909163
456.95,2.15614237
457,2.16452457
457.05,2.1305137
457.1,2.11117614
457.15,2.10483724
457.2,2.10457545
457.25,2.11873639
457.3,2.12845164
457.35,2.1217215
457.4,2.11885257
457.45,2.12057016
457.5,2.12585728
457.55,2.15505999
457.6,2.20196804
457.65,2.22985468
457.7,2.21504012
457.75,2.18937524
457.8,2.17454104
457.85,2.16014052
457.9,2.12429183
457.95,2.09055341
458,2.05893652
458.05,2.02125626
458.1,1.99972085
458.15,1.97593453
458.2,1.95069608
458.25,1.92991038
458.3,1.91482986
458.35,1.92120965
458.4,1.95360899
458.45,1.96645605
458.5,1.95987831
458.55,1.98848529
458.6,2.01923067
458.65,2.01724054
458.7,2.01229833
458.75,2.03905535
458.8,2.0839765
458.85,2.10013257
458.9,2.09420681
458.95,2.0994037
459,2.11260086
459.05,2.11661735
459.1,2.10063253
459.15,2.0837971
459.2,2.0945336
459.25,2.11077814
459.3,2.10304339
459.35,2.09270516
459.4,2.07408516
459.45,2.04226525
459.5,2.02221764
459.55,2.02322196
459.6,2.04099414
459.65,2.07981575
459.7,2.0855038
459.75,2.05938093
459.8,2.06523986
459.85,2.06866267
459.9,2.05703151
459.95,2.041014
460,2.03772192
460.05,2.04464788
460.1,2.04662671
460.15,2.01923
460.2,2.00215902
460.25,2.02104368
460.3,2.0321353
460.35,2.00536327
460.4,1.98296672
460.45,1.99707927
460.5,2.02937604
460.55,2.05526232
460.6,2.06012884
460.65,2.05558085
460.7,2.08075281
460.75,2.11861354
460.8,2.13402547
460.85,2.1518068
460.9,2.18588002
460.95,2.21103449
461,2.19577091
461.05,2.17441596
461.1,2.17753864
461.15,2.20157617
461.2,2.19170582
461.25,2.15440216
461.3,2.1245161
461.35,2.10879254
461.4,2.11795346
461.45,2.12113399
461.5,2.12793536
461.55,2.1569655
461.6,2.16977353
461.65,2.14271163
461.7,2.1226448
461.75,2.1110688
461.8,2.10238494
461.85,2.1022589
461.9,2.08528082
461.95,2.05855962
462,2.06724053
462.05,2.08683585
462.1,2.08831901
462.15,2.08839728
462.2,2.10260098
462.25,2.14746632
462.3,2.19231628
462.35,2.206919
462.4,2.20972659
462.45,2.21290525
462.5,2.20318811
462.55,2.17945821
462.6,2.16843428
462.65,2.17323142
462.7,2.18371797
462.75,2.18420196
462.8,2.15703025
462.85,2.11530768
462.9,2.098963
462.95,2.09720901
463,2.11198432
463.05,2.1348563
463.1,2.13941791
463.15,2.11491177
463.2,2.09459054
463.25,2.08341572
463.3,2.08456222
463.35,2.11410721
463.4,2.15788061
463.45,2.15477567
463.5,2.11657055
463.55,2.09379925
463.6,2.0766478
463.65,2.04485611
463.7,2.02621786
463.75,2.02494347
463.8,2.01071048
463.85,1.97558656
463.9,1.94845433
463.95,1.95777067
464,2.00637484
464.05,2.04926582
464.1,2.06391282
464.15,2.09128972
464.2,2.13604586
464.25,2.15679974
464.3,2.1492831
464.35,2.16082541
464.4,2.18866838
464.45,2.1878442
464.5,2.15286999
464.55,2.12248014
464.6,2.09715447
464.65,2.06805039
464.7,2.0474994
464.75,2.01761643
464.8,1.9916644
464.85,1.98062134
464.9,1.97769069
464.95,1.95813874
465,1.94695797
465.05,1.94895795
465.1,1.94392587
465.15,1.95709536
465.2,1.97401871
465.25,1.98773565
465.3,2.00034065
465.35,1.99649097
465.4,1.99661744
465.45,2.00512126
465.5,2.00522121
465.55,2.00033457
465.6,1.9927581
465.65,1.99108457
465.7,1.98662567
465.75,1.98834329
465.8,1.99890544
465.85,2.04391631
465.9,2.09607547
465.95,2.11352996
466,2.11312368
466.05,2.10799845
466.1,2.12090159
466.15,2.12942642
466.2,2.11673161
466.25,2.09955378
466.3,2.09180698
466.35,2.07700646
466.4,2.05567118
466.45,2.03158444
466.5,2.00854381
466.55,2.00119851
466.6,1.9846012
466.65,1.94670842
466.7,1.91211967
466.75,1.90408564
466.8,1.89475998
466.85,1.88652604
466.9,1.87721849
466.95,1.86779139
467,1.87677127
467.05,1.89700463
467.1,1.9223096
467.15,1.95204751
467.2,1.97411697
467.25,1.98805257
467.3,2.01851759
467.35,2.03142451
467.4,2.03882224
467.45,2.04834925
467.5,2.06114561
467.55,2.06684407
467.6,2.0667966
467.65,2.06014661
467.7,2.08086538
467.75,2.09684139
467.8,2.08365327
467.85,2.06340946
467.9,2.03780963
467.95,2.02315639
468,2.03272844
468.05,2.02468226
468.1,1.99615744
468.15,1.98422791
468.2,1.97096583
468.25,1.95704967
468.3,1.95947692
468.35,1.97254118
468.4,1.98897351
468.45,2.01322392
468.5,2.01395321
468.55,2.00231362
468.6,2.00014745
468.65,2.00206257
468.7,1.99419452
468.75,1.99818837
468.8,2.01716579
468.85,2.02011003
468.9,2.02666417
468.95,2.02748134
469,2.01910991
469.05,2.0021043
469.1,1.99782909
469.15,2.00782782
469.2,2.03663815
469.25,2.04830468
469.3,2.05423324
469.35,2.06032997
469.4,2.07723469
469.45,2.08135305
469.5,2.08772286
469.55,2.10385302
469.6,2.11578541
469.65,2.11276988
469.7,2.09367808
469.75,2.05367228
469.8,2.03814891
469.85,2.03258461
469.9,2.01442143
469.95,1.9957562
470,1.98179682
470.05,1.9658001
470.1,1.96370164
470.15,1.93809088
470.2,1.9060026
470.25,1.90945951
470.3,1.93683057
470.35,1.9386572
470.4,1.92758422
470.45,1.921021
470.5,1.92640235
470.55,1.93837518
470.6,1.91399957
470.65,1.88583559
470.7,1.91408424
470.75,1.93717951
470.8,1.92626668
470.85,1.91063833
470.9,1.89292545
470.95,1.9109121
471,1.94114363
471.05,1.9431098
471.1,1.95612934
471.15,1.99608784
471.2,2.03826308
471.25,2.04534427
471.3,2.03464873
471.35,2.03541499
471.4,2.05762951
471.45,2.06868373
471.5,2.05485646
471.55,2.04128222
471.6,2.04460141
471.65,2.05255177
471.7,2.04479486
471.75,2.03245524
471.8,2.04589197
471.85,2.08437268
471.9,2.11931679
471.95,2.1256406
472,2.12495202
472.05,2.12476642
472.1,2.12135803
472.15,2.10031984
472.2,2.08769632
472.25,2.09190771
472.3,2.09860652
472.35,2.09920409
472.4,2.10763348
472.45,2.10443322
472.5,2.11508081
472.55,2.11862791
472.6,2.10373974
472.65,2.09448724
472.7,2.09840689
472.75,2.09085758
472.8,2.07375384
472.85,2.06052791
472.9,2.05014019
472.95,2.03760209
473,2.00949135
473.05,1.98070164
473.1,1.976962
473.15,2.0145231
473.2,2.02671893
473.25,2.01957806
473.3,2.0292049
473.35,2.05295251
473.4,2.06879992
473.45,2.07007287
473.5,2.05359898
473.55,2.04908379
473.6,2.04352761
473.65,2.05002677
473.7,2.05430425
473.75,2.05573504
473.8,2.0593806
473.85,2.056823
473.9,2.05013573
473.95,2.04751585
474,2.04570444
474.05,2.05063804
474.1,2.07357673
474.15,2.10548578
474.2,2.11213196
474.25,2.10205468
474.3,2.12075872
474.35,2.13765396
474.4,2.12645132
474.45,2.09702446
474.5,2.07951253
474.55,2.09039795
474.6,2.10223475
474.65,2.09643418
474.7,2.09460465
474.75,2.10688846
474.8,2.10597376
474.85,2.08454502
474.9,2.07841101
474.95,2.10660654
475,2.1328585
475.05,2.15070365
475.1,2.1414124
475.15,2.13583079
475.2,2.14895688
475.25,2.13626807
475.3,2.10809379
475.35,2.10099279
475.4,2.117172
475.45,2.12518199
475.5,2.09494216
475.55,2.07177899
475.6,2.07030191
475.65,2.0685018
475.7,2.06475752
475.75,2.05128558
475.8,2.05553949
475.85,2.07453259
475.9,2.09115329
475.95,2.09491273
476,2.08924432
476.05,2.10838013
476.1,2.10422562
476.15,2.0791801
476.2,2.07697645
476.25,2.06673687
476.3,2.05369081
476.35,2.05414065
476.4,2.04893641
476.45,2.02279046
476.5,1.98314463
476.55,1.96594663
476.6,1.95949701
476.65,1.97635052
476.7,1.98389681
476.75,1.97035716
476.8,1.98373185
476.85,2.00687414
476.9,2.01434635
476.95,2.02368157
477,2.041916
477.05,2.06791929
477.1,2.09006372
477.15,2.08195506
477.2,2.0769223
477.25,2.09968412
477.3,2.12439658
477.35,2.12943996
477.4,2.13473169
477.45,2.14157469
477.5,2.13669255
477.55,2.12841034
477.6,2.12930587
477.65,2.14440514
477.7,2.16853366
477.75,2.18970206
477.8,2.19002355
477.85,2.17497975
477.9,2.15943294
477.95,2.15444102
478,2.16147896
478.05,2.17463752
478.1,2.18730967
478.15,2.19154964
478.2,2.1702815
478.25,2.14885029
478.3,2.14665027
478.35,2.16072063
478.4,2.17670832
478.45,2.17900356
478.5,2.16052846
478.55,2.12923337
478.6,2.10863979
478.65,2.10195486
478.7,2.10538335
478.75,2.11145006
478.8,2.08948286
478.85,2.04783701
478.9,2.03024874
478.95,2.03062626
479,2.02941438
479.05,2.05799151
479.1,2.07770856
479.15,2.067959
479.2,2.05623712
479.25,2.06095876
479.3,2.07449119
479.35,2.10826795
479.4,2.13777269
479.45,2.15019939
479.5,2.16153731
479.55,2.16609122
479.6,2.17549466
479.65,2.20030764
479.7,2.21182764
479.75,2.19701966
479.8,2.18456662
479.85,2.17798772
479.9,2.16165598
479.95,2.13639339
480,2.11829882
480.05,2.11855618
480.1,2.12094387
480.15,2.10257655
480.2,2.08817995
480.25,2.10320453
480.3,2.12403965
480.35,2.13017008
480.4,2.13128449
480.45,2.14198981
480.5,2.16193355
480.55,2.16341285
480.6,2.14610637
480.65,2.1330243
480.7,2.13543414
480.75,2.13705968
480.8,2.1274381
480.85,2.12167004
480.9,2.12361087
480.95,2.12452172
481,2.12258565
481.05,2.11503006
481.1,2.10646487
481.15,2.10865451
481.2,2.1130249
481.25,2.11146053
481.3,2.10351959
481.35,2.09836659
481.4,2.09786714
481.45,2.11605828
481.5,2.13362859
481.55,2.14250898
481.6,2.15153572
481.65,2.14522544
481.7,2.1317839
481.75,2.13837561
481.8,2.15541633
481.85,2.17397304
481.9,2.18782281
481.95,2.17847079
482,2.159992
482.05,2.14751761
482.1,2.14337863
482.15,2.1543486
482.2,2.16148508
482.25,2.14382879
482.3,2.11268394
482.35,2.09964508
482.4,2.09769487
482.45,2.10211007
482.5,2.11144953
482.55,2.11416431
482.6,2.10973301
482.65,2.10921432
482.7,2.11575329
482.75,2.13214951
482.8,2.14390735
482.85,2.14312935
482.9,2.14404584
482.95,2.1357453
483,2.1146315
483.05,2.10235451
483.1,2.09926862
483.15,2.08527414
483.2,2.06885068
483.25,2.06487874
483.3,2.07898693
483.35,2.0978811
483.4,2.10591719
483.45,2.09553144
483.5,2.09089574
483.55,2.10039707
483.6,2.11492631
483.65,2.12923909
483.7,2.13408608
483.75,2.12285357
483.8,2.10349302
483.85,2.08678995
483.9,2.05721749
483.95,2.03343216
484,2.03119443
484.05,2.03941193
484.1,2.03761984
484.15,2.02094897
484.2,1.99455495
484.25,1.98973365
484.3,1.997537
484.35,2.00974834
484.4,2.04258757
484.45,2.07629172
484.5,2.09960728
484.55,2.12129692
484.6,2.12645297
484.65,2.11078153
484.7,2.09904413
484.75,2.10267986
484.8,2.10600065
484.85,2.10592024
484.9,2.09902033
484.95,2.08771899
485,2.07516518
485.05,2.05554594
485.1,2.03203785
485.15,2.03158869
485.2,2.05262772
485.25,2.06938671
485.3,2.07026868
485.35,2.05302932
485.4,2.01617544
485.45,1.97096398
485.5,1.93926044
485.55,1.93492438
485.6,1.93587014
485.65,1.9286976
485.7,1.91427118
485.75,1.89060903
485.8,1.85696808
485.85,1.80606723
485.9,1.75845541
485.95,1.72022414
486,1.65527564
486.05,1.56910426
486.1,1.50570106
486.15,1.46673918
486.2,1.43971708
486.25,1.41280597
486.3,1.39081151
486.35,1.40600326
486.4,1.45165906
486.45,1.50099029
486.5,1.55626446
486.55,1.64467367
486.6,1.73418746
486.65,1.78367244
486.7,1.80970562
486.75,1.83511147
486.8,1.86770645
486.85,1.89526632
486.9,1.90914194
486.95,1.89784386
487,1.87240929
487.05,1.83901135
487.1,1.81126856
487.15,1.7987747
487.2,1.8118083
487.25,1.81700684
487.3,1.81811439
487.35,1.81797715
487.4,1.81865683
487.45,1.80780315
487.5,1.80497616
487.55,1.83663706
487.6,1.90393086
487.65,1.93886799
487.7,1.92435717
487.75,1.91148801
487.8,1.93799434
487.85,1.96264678
487.9,1.97692859
487.95,1.99765835
488,2.02046174
488.05,2.02478624
488.1,2.00869867
488.15,2.00272872
488.2,2.02912783
488.25,2.06239839
488.3,2.07667169
488.35,2.06790725
488.4,2.04310569
488.45,2.02664191
488.5,2.00399633
488.55,1.98999763
488.6,1.99612041
488.65,2.00582112
488.7,2.00386738
488.75,1.98054143
488.8,1.94809525
488.85,1.93528056
488.9,1.93887239
488.95,1.9112785
489,1.8536018
489.05,1.81494472
489.1,1.8211037
489.15,1.84240393
489.2,1.82784357
489.25,1.80756386
489.3,1.82595343
489.35,1.86065592
489.4,1.86261857
489.45,1.88045692
489.5,1.9240062
489.55,2.00103737
489.6,2.05919502
489.65,2.08211421
489.7,2.09610099
489.75,2.12534236
489.8,2.15248736
489.85,2.15342309
489.9,2.1409733
489.95,2.13274169
490,2.13782996
490.05,2.14423041
490.1,2.14794396
490.15,2.13157896
490.2,2.09708058
490.25,2.0759573
490.3,2.0610738
490.35,2.04829272
490.4,2.05766923
490.45,2.08463456
490.5,2.10486805
490.55,2.1152123
490.6,2.11453154
490.65,2.09364106
490.7,2.09153379
490.75,2.11095294
490.8,2.12435259
490.85,2.10486672
490.9,2.07334842
490.95,2.03791336
491,2.012294
491.05,1.9786425
491.1,1.9338445
491.15,1.91074326
491.2,1.92028305
491.25,1.93350572
491.3,1.93352329
491.35,1.94037602
491.4,1.9728962
491.45,2.01628255
491.5,2.06370381
491.55,2.08753378
491.6,2.10330128
491.65,2.10311051
491.7,2.0750545
491.75,2.02110006
491.8,1.98343279
491.85,1.95869384
491.9,1.90524987
491.95,1.8439401
492,1.80973352
492.05,1.79677188
492.1,1.77111434
492.15,1.76764917
492.2,1.79334599
492.25,1.80897373
492.3,1.8361004
492.35,1.84562373
492.4,1.83594757
492.45,1.87274837
492.5,1.93531798
492.55,1.96051978
492.6,1.95903547
492.65,1.96653184
492.7,1.96739053
492.75,1.96502673
492.8,1.98114408
492.85,2.00424666
492.9,2.01541272
492.95,2.04058238
493,2.07110907
493.05,2.07930134
493.1,2.08710697
493.15,2.09251511
493.2,2.08134383
493.25,2.04666322
493.3,2.02480383
493.35,2.01446936
493.4,2.03288303
493.45,2.03576395
493.5,2.03010627
493.55,2.01210964
493.6,1.99254029
493.65,1.97290343
493.7,1.96489137
493.75,1.94797579
493.8,1.95727498
493.85,1.96137099
493.9,1.9515739
493.95,1.95304038
494,1.97510721
494.05,2.00501964
494.1,2.00836727
494.15,2.00691561
494.2,2.01800012
494.25,2.04453022
494.3,2.08146137
494.35,2.13074847
494.4,2.15698917
494.45,2.15512828
494.5,2.12220462
494.55,2.10230917
494.6,2.09139476
494.65,2.10242862
494.7,2.11634732
494.75,2.12160596
494.8,2.1093804
494.85,2.08206361
494.9,2.04773979
494.95,2.04640103
495,2.07282585
495.05,2.10433112
495.1,2.11704122
495.15,2.10897254
495.2,2.0908662
495.25,2.08242296
495.3,2.07434478
495.35,2.06989512
495.4,2.08681846
495.45,2.10967218
495.5,2.1167334
495.55,2.09699994
495.6,2.01865165
495.65,1.9306616
495.7,1.90212316
495.75,1.92369218
495.8,1.93807321
495.85,1.94505913
495.9,1.95421122
495.95,1.96503221
496,1.97011693
496.05,1.96166265
496.1,1.96250514
496.15,2.02725539
496.2,2.12393485
496.25,2.18281765
496.3,2.1947469
496.35,2.18397241
496.4,2.16566525
496.45,2.12795855
496.5,2.09961992
496.55,2.08306774
496.6,2.07478443
496.65,2.06240592
496.7,2.03954327
496.75,2.01614531
496.8,2.00032714
496.85,1.98624776
496.9,1.97024466
496.95,1.97106124
497,1.99879405
497.05,2.0270505
497.1,2.0338111
497.15,2.03407873
497.2,2.04913144
497.25,2.08073582
497.3,2.11779711
497.35,2.1373454
497.4,2.14406517
497.45,2.16687471
497.5,2.17481645
497.55,2.17011533
497.6,2.16735228
497.65,2.1616598
497.7,2.1468968
497.75,2.12633417
497.8,2.11172941
497.85,2.09529757
497.9,2.05075629
497.95,2.0216251
498,2.01998918
498.05,2.00624212
498.1,1.97351325
498.15,1.93683617
498.2,1.88615973
498.25,1.85701696
498.3,1.85093275
498.35,1.8377818
498.4,1.81569808
498.45,1.80117205
498.5,1.80681833
498.55,1.80551079
498.6,1.81453425
498.65,1.84887316
498.7,1.89614815
498.75,1.92686317
498.8,1.97570283
498.85,2.01691673
498.9,2.04427525
498.95,2.05682511
499,2.07010984
499.05,2.06246486
499.1,2.07912023
499.15,2.08190163
499.2,2.06202614
499.25,2.03011777
499.3,2.01848691
499.35,2.02425812
499.4,2.03206398
499.45,2.0240971
499.5,2.04818978
499.55,2.07187181
499.6,2.10396858
499.65,2.10258369
499.7,2.0936505
499.75,2.08532028
499.8,2.0861563
499.85,2.0634785
499.9,2.0377346
499.95,1.99140222
500,1.96663253
500.05,1.92195897
500.1,1.88743779
500.15,1.83893154
500.2,1.81980565
500.25,1.81567991
500.3,1.81474028
500.35,1.81983182
500.4,1.85110116
500.45,1.84708569
500.5,1.81948664
500.55,1.80072126
500.6,1.79745884
500.65,1.79713636
500.7,1.79821073
500.75,1.8110933
500.8,1.82665314
500.85,1.83900028
500.9,1.84182206
500.95,1.85100977
501,1.89483757
501.05,1.92223131
501.1,1.91364087
501.15,1.90469947
501.2,1.91135844
501.25,1.89454411
501.3,1.84992807
501.35,1.80639363
501.4,1.78696372
501.45,1.78326033
501.5,1.78018653
501.55,1.77481237
501.6,1.79459223
501.65,1.8211618
501.7,1.81151537
501.75,1.79061199
501.8,1.79667035
501.85,1.81458231
501.9,1.82843087
501.95,1.83136306
502,1.83274836
502.05,1.81758392
502.1,1.78977921
502.15,1.76823047
502.2,1.77875631
502.25,1.81073564
502.3,1.8410932
502.35,1.84681703
502.4,1.84352618
502.45,1.84247555
502.5,1.83997993
502.55,1.84343729
502.6,1.85100074
502.65,1.85000063
502.7,1.85531286
502.75,1.86671348
502.8,1.87042612
502.85,1.86397317
502.9,1.87054109
502.95,1.88129833
503,1.87584098
503.05,1.86273717
503.1,1.87963431
503.15,1.91565917
503.2,1.95450638
503.25,1.9671673
503.3,1.96958627
503.35,1.98312851
503.4,1.9796134
503.45,1.95258453
503.5,1.93521174
503.55,1.93667576
503.6,1.94349326
503.65,1.94788303
503.7,1.93745082
503.75,1.9213293
503.8,1.89476046
503.85,1.8651478
503.9,1.85158147
503.95,1.83464449
504,1.80711134
504.05,1.75760356
504.1,1.7238739
504.15,1.71310331
504.2,1.71587016
504.25,1.72837296
504.3,1.74754093
504.35,1.76329231
504.4,1.77972735
504.45,1.80690204
504.5,1.86590851
504.55,1.95392046
504.6,2.02986197
504.65,2.06544811
504.7,2.04592796
504.75,2.00372982
504.8,1.98075452
504.85,1.95986157
504.9,1.94409902
504.95,1.92740686
505,1.89526623
505.05,1.83858184
505.1,1.79601421
505.15,1.77971922
505.2,1.78500306
505.25,1.81523226
505.3,1.84855202
505.35,1.87327429
505.4,1.89953356
505.45,1.92511223
505.5,1.93858072
505.55,1.97370072
505.6,2.01510204
505.65,2.03413406
505.7,2.03462249
505.75,2.03617105
505.8,2.03609456
505.85,2.03401664
505.9,2.02800206
505.95,2.02394736
506,2.0293372
506.05,2.03729737
506.1,2.04170648
506.15,2.04982839
506.2,2.05901076
506.25,2.06468291
506.3,2.05878012
506.35,2.02381504
506.4,1.9885663
506.45,1.97270479
506.5,1.97260015
506.55,1.96223679
506.6,1.94944033
506.65,1.93219838
506.7,1.91778543
506.75,1.89140691
506.8,1.85936606
506.85,1.85011331
506.9,1.88011006
506.95,1.91891655
507,1.9356202
507.05,1.93197928
507.1,1.92028499
507.15,1.90609885
507.2,1.90148759
507.25,1.9183837
507.3,1.94476946
507.35,1.9557585
507.4,1.94442599
507.45,1.93189402
507.5,1.91291955
507.55,1.89629206
507.6,1.90225212
507.65,1.93158172
507.7,1.95926983
507.75,1.95580562
507.8,1.91421691
507.85,1.86899537
507.9,1.85341833
507.95,1.84362249
508,1.82952647
508.05,1.82320108
508.1,1.8240449
508.15,1.8031304
508.2,1.7614174
508.25,1.72333084
508.3,1.7190173
508.35,1.74992002
508.4,1.79082601
508.45,1.82617382
508.5,1.85405997
508.55,1.87096764
508.6,1.87092333
508.65,1.86640559
508.7,1.88260538
508.75,1.9028196
508.8,1.93127809
508.85,1.94915453
508.9,1.95901481
508.95,1.95027622
509,1.93919085
509.05,1.94032271
509.1,1.95664986
509.15,1.97471327
509.2,1.98891712
509.25,1.99681089
509.3,2.00580878
509.35,2.01211685
509.4,2.00931064
509.45,2.01696623
509.5,2.03017971
509.55,2.02474337
509.6,2.00459479
509.65,1.99192995
509.7,1.97423603
509.75,1.93157452
509.8,1.88608842
509.85,1.85888149
509.9,1.84649996
509.95,1.83280281
510,1.82099645
510.05,1.81026751
510.1,1.82147143
510.15,1.83023156
510.2,1.83078555
510.25,1.84680877
510.3,1.88133633
510.35,1.91224777
510.4,1.92701363
510.45,1.93544871
510.5,1.93861284
510.55,1.94681533
510.6,1.92700796
510.65,1.89628717
510.7,1.87695284
510.75,1.88759418
510.8,1.89242439
510.85,1.88584118
510.9,1.85781089
510.95,1.83621938
511,1.83148702
511.05,1.83879659
511.1,1.84568916
511.15,1.88005393
511.2,1.91213225
511.25,1.9258984
511.3,1.92156178
511.35,1.92907845
511.4,1.94135643
511.45,1.96498548
511.5,1.98595184
511.55,1.99798607
511.6,1.99950374
511.65,1.99773748
511.7,2.00378097
511.75,2.01464814
511.8,2.02539964
511.85,2.02411044
511.9,2.01999231
511.95,2.02491751
512,2.02766353
512.05,2.02124701
512.1,2.01013577
512.15,2.00560293
512.2,1.98756433
512.25,1.95442119
512.3,1.9288896
512.35,1.91107808
512.4,1.8766582
512.45,1.83895674
512.5,1.8152137
512.55,1.7997575
512.6,1.78039271
512.65,1.76289576
512.7,1.75395832
512.75,1.76496985
512.8,1.76774523
512.85,1.75846178
512.9,1.76365915
512.95,1.79090511
513,1.81425764
513.05,1.82339009
513.1,1.83863424
513.15,1.86055444
513.2,1.86330363
513.25,1.84055787
513.3,1.8311674
513.35,1.85482656
513.4,1.88438467
513.45,1.90369758
513.5,1.91201556
513.55,1.91208849
513.6,1.8962825
513.65,1.88380256
513.7,1.88581044
513.75,1.89908893
513.8,1.87330671
513.85,1.84477565
513.9,1.82306819
513.95,1.83000996
514,1.83009638
514.05,1.81291022
514.1,1.79722765
514.15,1.76979378
514.2,1.74823432
514.25,1.73237289
514.3,1.76144517
514.35,1.81298008
514.4,1.85905106
514.45,1.85014806
514.5,1.81337769
514.55,1.78457929
514.6,1.76937444
514.65,1.78621467
514.7,1.80949123
514.75,1.83861029
514.8,1.84523473
514.85,1.84198723
514.9,1.83373482
514.95,1.8184721
515,1.81383972
515.05,1.81205486
515.1,1.81947144
515.15,1.81612659
515.2,1.82739936
515.25,1.83140518
515.3,1.83629321
515.35,1.82266391
515.4,1.80673374
515.45,1.79992415
515.5,1.81361343
515.55,1.83546861
515.6,1.86118682
515.65,1.88188717
515.7,1.90088018
515.75,1.90737537
515.8,1.91806581
515.85,1.9111383
515.9,1.91667517
515.95,1.928834
516,1.94781303
516.05,1.95289193
516.1,1.92937936
516.15,1.9085122
516.2,1.90140108
516.25,1.90166746
516.3,1.90097827
516.35,1.89528966
516.4,1.87863394
516.45,1.85564151
516.5,1.81323837
516.55,1.75716661
516.6,1.67468793
516.65,1.60576143
516.7,1.56747835
516.75,1.51651403
516.8,1.45291475
516.85,1.41499578
516.9,1.4335625
516.95,1.45863035
517,1.46069475
517.05,1.42321166
517.1,1.37645082
517.15,1.34886046
517.2,1.33490919
517.25,1.32194505
517.3,1.35153568
517.35,1.40835259
517.4,1.44452262
517.45,1.44839568
517.5,1.44432964
517.55,1.46607042
517.6,1.51179609
517.65,1.61077278
517.7,1.72535152
517.75,1.83551468
517.8,1.90132846
517.85,1.93302937
517.9,1.93639901
517.95,1.92839544
518,1.91998411
518.05,1.91250193
518.1,1.89333357
518.15,1.84648534
518.2,1.74995258
518.25,1.62626836
518.3,1.51792354
518.35,1.45578979
518.4,1.43136235
518.45,1.4237179
518.5,1.42493049
518.55,1.4273432
518.6,1.43878743
518.65,1.4557298
518.7,1.49046134
518.75,1.54949106
518.8,1.65352237
518.85,1.76668474
518.9,1.85129496
518.95,1.88854493
519,1.88492239
519.05,1.86387866
519.1,1.81571895
519.15,1.78022459
519.2,1.76196912
519.25,1.78214293
519.3,1.8142662
519.35,1.81466123
519.4,1.76834298
519.45,1.70982236
519.5,1.68002967
519.55,1.68217352
519.6,1.70248435
519.65,1.72737957
519.7,1.75343729
519.75,1.75706297
519.8,1.74572056
519.85,1.73402467
519.9,1.74745001
519.95,1.78613873
520,1.8335822
520.05,1.86688703
520.1,1.86023199
520.15,1.86176689
520.2,1.88067627
520.25,1.91427613
520.3,1.90905561
520.35,1.89897266
520.4,1.88171552
520.45,1.85966633
520.5,1.82785434
520.55,1.79069313
520.6,1.79602575
520.65,1.80529892
520.7,1.78600041
520.75,1.73669129
520.8,1.69941292
520.85,1.72365136
520.9,1.73602177
520.95,1.7392569
521,1.75631209
521.05,1.79772271
521.1,1.82612444
521.15,1.8280826
521.2,1.82886433
521.25,1.86522228
521.3,1.90637817
521.35,1.9212119
521.4,1.8964556
521.45,1.88119065
521.5,1.85899701
521.55,1.84158867
521.6,1.81942818
521.65,1.808905
521.7,1.78826327
521.75,1.7890632
521.8,1.79715458
521.85,1.79983539
521.9,1.80623616
521.95,1.81806709
522,1.84791535
522.05,1.87689988
522.1,1.90573209
522.15,1.92405575
522.2,1.94317551
522.25,1.96236212
522.3,1.96292246
522.35,1.94251928
522.4,1.92485846
522.45,1.91665781
522.5,1.89599956
522.55,1.83621074
522.6,1.75727373
522.65,1.71497848
522.7,1.70651399
522.75,1.70638889
522.8,1.69967471
522.85,1.68293198
522.9,1.674259
522.95,1.68590175
523,1.70192332
523.05,1.72403762
523.1,1.7732322
523.15,1.81559023
523.2,1.83517263
523.25,1.8340377
523.3,1.83536187
523.35,1.82290953
523.4,1.80849322
523.45,1.81546733
523.5,1.80745468
523.55,1.80374201
523.6,1.78974758
523.65,1.77900998
523.7,1.79902385
523.75,1.83451447
523.8,1.86001444
523.85,1.86837184
523.9,1.88517908
523.95,1.91796016
524,1.94890887
524.05,1.96487238
524.1,1.95939343
524.15,1.94929466
524.2,1.94606786
524.25,1.94776164
524.3,1.95014627
524.35,1.95530661
524.4,1.95588572
524.45,1.94984785
524.5,1.93857868
524.55,1.9232895
524.6,1.89864453
524.65,1.88992981
524.7,1.90021182
524.75,1.92244042
524.8,1.93306169
524.85,1.93172039
524.9,1.90386543
524.95,1.88637578
525,1.88468269
525.05,1.89338753
525.1,1.89947973
525.15,1.9216459
525.2,1.93280665
525.25,1.93277591
525.3,1.92034303
525.35,1.89789385
525.4,1.86991966
525.45,1.86456542
525.5,1.88194741
525.55,1.90151851
525.6,1.91105154
525.65,1.91682935
525.7,1.91741598
525.75,1.90147062
525.8,1.88208285
525.85,1.87073425
525.9,1.88488914
525.95,1.91784828
526,1.94071936
526.05,1.93838487
526.1,1.90527758
526.15,1.87770186
526.2,1.84438515
526.25,1.80603935
526.3,1.79109725
526.35,1.8042286
526.4,1.80552237
526.45,1.77651558
526.5,1.72173517
526.55,1.69242447
526.6,1.68241264
526.65,1.71564616
526.7,1.71700093
526.75,1.6976608
526.8,1.65912893
526.85,1.62125724
526.9,1.56807913
526.95,1.53361837
527,1.53763226
527.05,1.59280984
527.1,1.63433517
527.15,1.64579748
527.2,1.61891871
527.25,1.59891329
527.3,1.61447682
527.35,1.66821913
527.4,1.72475045
527.45,1.7548486
527.5,1.75533928
527.55,1.74151375
527.6,1.73324472
527.65,1.73157654
527.7,1.7600555
527.75,1.80621289
527.8,1.8432985
527.85,1.85189317
527.9,1.85166929
527.95,1.86974206
528,1.90106851
528.05,1.91406519
528.1,1.9095609
528.15,1.89706857
528.2,1.8804697
528.25,1.84605449
528.3,1.80790617
528.35,1.7854005
528.4,1.78576043
528.45,1.80289871
528.5,1.82178585
528.55,1.84425304
528.6,1.86968407
528.65,1.89684038
528.7,1.90704543
528.75,1.92939888
528.8,1.9611704
528.85,1.99674969
528.9,2.00412088
528.95,2.00062636
529,1.99531722
529.05,1.99587125
529.1,1.99575884
529.15,1.99337148
529.2,1.99267626
529.25,1.99681537
529.3,2.00259967
529.35,2.00346616
529.4,2.00399089
529.45,2.00834234
529.5,2.00585523
529.55,1.98797154
529.6,1.95443444
529.65,1.91805005
529.7,1.87376467
529.75,1.83245631
529.8,1.80999828
529.85,1.80812554
529.9,1.80585295
529.95,1.79268458
530,1.78341038
530.05,1.78552769
530.1,1.79288585
530.15,1.80525037
530.2,1.83432663
530.25,1.88114174
530.3,1.91740692
530.35,1.9298722
530.4,1.93124029
530.45,1.94041055
530.5,1.95696874
530.55,1.96734422
530.6,1.96949984
530.65,1.97427533
530.7,1.97886834
530.75,1.97677748
530.8,1.9698631
530.85,1.96515509
530.9,1.96266907
530.95,1.96405008
531,1.96717653
531.05,1.97154512
531.1,1.97840068
531.15,1.98795676
531.2,1.99532762
531.25,1.99886841
531.3,2.00149873
531.35,2.00341828
531.4,1.99950474
531.45,1.99475261
531.5,1.98177448
531.55,1.95572185
531.6,1.92394614
531.65,1.90641247
531.7,1.90231599
531.75,1.90373431
531.8,1.90626838
531.85,1.90531083
531.9,1.90950589
531.95,1.91024264
532,1.9073967
532.05,1.90822579
532.1,1.92046001
532.15,1.94119595
532.2,1.95317051
532.25,1.94853284
532.3,1.92085737
532.35,1.89551927
532.4,1.88208292
532.45,1.87579384
532.5,1.86697393
532.55,1.86566112
532.6,1.87170879
532.65,1.84749493
532.7,1.77170392
532.75,1.68468468
532.8,1.64639361
532.85,1.65273206
532.9,1.67110708
532.95,1.67938558
533,1.6977366
533.05,1.71959537
533.1,1.73487448
533.15,1.73039836
533.2,1.74148783
533.25,1.78757972
533.3,1.85808361
533.35,1.90451325
533.4,1.92780912
533.45,1.94026493
533.5,1.9457478
533.55,1.93976311
533.6,1.92403951
533.65,1.89267377
533.7,1.88013246
533.75,1.8954759
533.8,1.91795256
533.85,1.90383661
533.9,1.87538019
533.95,1.84007499
534,1.81441776
534.05,1.7991738
534.1,1.79710087
534.15,1.80951555
534.2,1.84210415
534.25,1.88622306
534.3,1.91394892
534.35,1.92722709
534.4,1.9393743
534.45,1.934891
534.5,1.92077812
534.55,1.90584529
534.6,1.90494963
534.65,1.89964684
534.7,1.88398438
534.75,1.8639521
534.8,1.83746055
534.85,1.81606287
534.9,1.79556158
534.95,1.80075651
535,1.83486795
535.05,1.8779252
535.1,1.90557747
535.15,1.90709599
535.2,1.90104949
535.25,1.90118423
535.3,1.91088709
535.35,1.93291328
535.4,1.95590292
535.45,1.97651486
535.5,1.98609778
535.55,1.98763904
535.6,1.98711846
535.65,1.98218111
535.7,1.9842489
535.75,1.9892329
535.8,1.98620144
535.85,1.97572282
535.9,1.96274494
535.95,1.95813468
536,1.94845966
536.05,1.93506167
536.1,1.92274742
536.15,1.90719255
536.2,1.89511286
536.25,1.88629395
536.3,1.89114413
536.35,1.88740849
536.4,1.87543094
536.45,1.86270416
536.5,1.86213874
536.55,1.87283611
536.6,1.86873962
536.65,1.86287364
536.7,1.8653698
536.75,1.88078796
536.8,1.8849114
536.85,1.86685743
536.9,1.86078419
536.95,1.86229261
537,1.84034862
537.05,1.7879978
537.1,1.74833278
537.15,1.75308478
537.2,1.76951522
537.25,1.76841764
537.3,1.75763856
537.35,1.7590225
537.4,1.78288769
537.45,1.80231897
537.5,1.82200522
537.55,1.85709319
537.6,1.90103325
537.65,1.92727243
537.7,1.92567638
537.75,1.92542537
537.8,1.92195728
537.85,1.91912783
537.9,1.914986
537.95,1.91076518
538,1.90813334
538.05,1.90647559
538.1,1.90228604
538.15,1.89061034
538.2,1.86551521
538.25,1.84643344
538.3,1.83555383
538.35,1.84774894
538.4,1.85950241
538.45,1.86790719
538.5,1.86890599
538.55,1.86624362
538.6,1.861308
538.65,1.86246445
538.7,1.88090031
538.75,1.91038247
538.8,1.92717892
538.85,1.9259086
538.9,1.91264586
538.95,1.90751048
539,1.89922162
539.05,1.89320401
539.1,1.89317735
539.15,1.89467866
539.2,1.88370985
539.25,1.86971708
539.3,1.86146662
539.35,1.86330173
539.4,1.86680817
539.45,1.8700233
539.5,1.86922525
539.55,1.85552003
539.6,1.82226653
539.65,1.78855469
539.7,1.77534202
539.75,1.78565897
539.8,1.79282852
539.85,1.79503162
539.9,1.78701833
539.95,1.77745259
540,1.76402616
540.05,1.76367737
540.1,1.79530806
540.15,1.83903049
540.2,1.88089394
540.25,1.8819411
540.3,1.84831058
540.35,1.80552975
540.4,1.76762001
540.45,1.74109391
540.5,1.72215902
540.55,1.71448075
540.6,1.70757766
540.65,1.69674172
540.7,1.68683931
540.75,1.68334216
540.8,1.69425881
540.85,1.70756324
540.9,1.72620987
540.95,1.73784611
541,1.7715114
541.05,1.80315736
541.1,1.82722628
541.15,1.8300649
541.2,1.82373506
541.25,1.8137909
541.3,1.80529405
541.35,1.80994101
541.4,1.81292201
541.45,1.82377447
541.5,1.83633868
541.55,1.84822905
541.6,1.84658949
541.65,1.83768807
541.7,1.84099705
541.75,1.84654772
541.8,1.85257409
541.85,1.85073495
541.9,1.85970915
541.95,1.87411818
542,1.88788577
542.05,1.89072923
542.1,1.89536867
542.15,1.90272696
542.2,1.91221954
542.25,1.90404037
542.3,1.8854079
542.35,1.86346436
542.4,1.85342305
542.45,1.85654165
542.5,1.86644109
542.55,1.88003203
542.6,1.89156737
542.65,1.90065988
542.7,1.90172569
542.75,1.89309986
542.8,1.8791081
542.85,1.84905591
542.9,1.83489016
542.95,1.82842322
543,1.83289884
543.05,1.82705255
543.1,1.81547165
543.15,1.79977829
543.2,1.78300191
543.25,1.76825585
543.3,1.74489416
543.35,1.75317665
543.4,1.78087981
543.45,1.82152758
543.5,1.82144511
543.55,1.8054216
543.6,1.79233275
543.65,1.79375509
543.7,1.80447979
543.75,1.81739649
543.8,1.82755548
543.85,1.85123862
543.9,1.87955644
543.95,1.90324092
544,1.90970885
544.05,1.92178948
544.1,1.94321947
544.15,1.96187227
544.2,1.97163293
544.25,1.97307644
544.3,1.971929
544.35,1.95961032
544.4,1.9412503
544.45,1.92415979
544.5,1.90926085
544.55,1.87274318
544.6,1.83300505
544.65,1.80336749
544.7,1.79775037
544.75,1.79424395
544.8,1.78997853
544.85,1.78872919
544.9,1.80155473
544.95,1.81986608
545,1.83542097
545.05,1.85211368
545.1,1.8904706
545.15,1.93563253
545.2,1.96409591
545.25,1.97107797
545.3,1.97616614
545.35,1.97574602
545.4,1.93981634
545.45,1.88402409
545.5,1.83097316
545.55,1.81098464
545.6,1.81071639
545.65,1.81504413
545.7,1.82176029
545.75,1.82861478
545.8,1.83422315
545.85,1.83688505
545.9,1.83927682
545.95,1.87286959
546,1.91879577
546.05,1.97108891
546.1,1.98641263
546.15,1.97232532
546.2,1.93457651
546.25,1.90159848
546.3,1.88085309
546.35,1.87507949
546.4,1.8679796
546.45,1.86447472
546.5,1.85256649
546.55,1.83791116
546.6,1.82226096
546.65,1.81334551
546.7,1.82991996
546.75,1.85584868
546.8,1.88770744
546.85,1.89873704
546.9,1.89802926
546.95,1.88878401
547,1.88588355
547.05,1.89453035
547.1,1.91144147
547.15,1.92116857
547.2,1.92207458
547.25,1.90938843
547.3,1.90018689
547.35,1.88860244
547.4,1.88784627
547.45,1.88655134
547.5,1.86632407
547.55,1.82049158
547.6,1.77217132
547.65,1.74840456
547.7,1.74881236
547.75,1.75685403
547.8,1.77342226
547.85,1.79296918
547.9,1.80952889
547.95,1.79981246
548,1.77443868
548.05,1.77150777
548.1,1.80453371
548.15,1.85130399
548.2,1.87324978
548.25,1.88207839
548.3,1.88947937
548.35,1.89635266
548.4,1.89377823
548.45,1.88940256
548.5,1.9024661
548.55,1.92706529
548.6,1.94491573
548.65,1.93155724
548.7,1.9136608
548.75,1.89378544
548.8,1.88519199
548.85,1.86991842
548.9,1.8575076
548.95,1.84976437
549,1.8439678
549.05,1.8372428
549.1,1.83079234
549.15,1.83455146
549.2,1.8534033
549.25,1.85760774
549.3,1.85794285
549.35,1.84996279
549.4,1.86003529
549.45,1.86927816
549.5,1.877927
549.55,1.88129918
549.6,1.86703297
549.65,1.85153177
549.7,1.83815424
549.75,1.84494322
549.8,1.86971554
549.85,1.90190459
549.9,1.93035489
549.95,1.94261811
550,1.92600342
550.05,1.90394716
550.1,1.87967875
550.15,1.89274914
550.2,1.90772714
550.25,1.92571037
550.3,1.92560366
550.35,1.91877794
550.4,1.91025034
550.45,1.89306982
550.5,1.8701824
550.55,1.85283799
550.6,1.84996675
550.65,1.86301597
550.7,1.87506674
550.75,1.88007891
550.8,1.88018341
550.85,1.87300452
550.9,1.87081798
550.95,1.86756904
551,1.8765887
551.05,1.88767233
551.1,1.89413236
551.15,1.88388737
551.2,1.86213614
551.25,1.84503278
551.3,1.82587378
551.35,1.81661174
551.4,1.81186177
551.45,1.81902028
551.5,1.82235731
551.55,1.81423202
551.6,1.80970779
551.65,1.81846129
551.7,1.8474576
551.75,1.87895537
551.8,1.89986253
551.85,1.91673925
551.9,1.92846968
551.95,1.93410391
552,1.92211228
552.05,1.9166178
552.1,1.91361923
552.15,1.91813327
552.2,1.91765557
552.25,1.91950943
552.3,1.91674159
552.35,1.90781297
552.4,1.89242866
552.45,1.87975067
552.5,1.87545415
552.55,1.87406546
552.6,1.86735199
552.65,1.85769199
552.7,1.82997035
552.75,1.80759193
552.8,1.78632572
552.85,1.78773819
552.9,1.79347454
552.95,1.80385675
553,1.81185546
553.05,1.81955778
553.1,1.82503456
553.15,1.82226047
553.2,1.82759445
553.25,1.85014483
553.3,1.88430168
553.35,1.89783809
553.4,1.87970698
553.45,1.86256423
553.5,1.85678687
553.55,1.85858919
553.6,1.85318369
553.65,1.84965148
553.7,1.85793009
553.75,1.86679672
553.8,1.86838403
553.85,1.85652598
553.9,1.85736276
553.95,1.87623629
554,1.89977154
554.05,1.91479946
554.1,1.91909833
554.15,1.92103096
554.2,1.91678133
554.25,1.90448984
554.3,1.89369159
554.35,1.89227531
554.4,1.90279072
554.45,1.91223425
554.5,1.91164068
554.55,1.90120089
554.6,1.89319214
554.65,1.88796027
554.7,1.89241729
554.75,1.90027188
554.8,1.91216107
554.85,1.91749564
554.9,1.91809879
554.95,1.91619275
555,1.91536931
555.05,1.91490544
555.1,1.91980785
555.15,1.92556469
555.2,1.92046943
555.25,1.90811332
555.3,1.89623166
555.35,1.88206767
555.4,1.87443958
555.45,1.86787276
555.5,1.87147192
555.55,1.87447514
555.6,1.87863669
555.65,1.87460131
555.7,1.86952883
555.75,1.87284699
555.8,1.88814474
555.85,1.89632889
555.9,1.90587662
555.95,1.91762555
556,1.93973622
556.05,1.94257603
556.1,1.92750699
556.15,1.90502489
556.2,1.88784464
556.25,1.87338371
556.3,1.86862128
556.35,1.86185621
556.4,1.86029199
556.45,1.85087769
556.5,1.84551974
556.55,1.83580191
556.6,1.8270184
556.65,1.82425463
556.7,1.82392229
556.75,1.84304933
556.8,1.84456891
556.85,1.84147257
556.9,1.82741983
556.95,1.82754535
557,1.8443052
557.05,1.85833423
557.1,1.85998406
557.15,1.83505046
557.2,1.81795709
557.25,1.80549568
557.3,1.80587758
557.35,1.81361328
557.4,1.82640634
557.45,1.82856044
557.5,1.81803958
557.55,1.80042157
557.6,1.79416731
557.65,1.79362773
557.7,1.81401515
557.75,1.8335391
557.8,1.85412738
557.85,1.84902205
557.9,1.85218188
557.95,1.85258246
558,1.86739271
558.05,1.8638349
558.1,1.87049961
558.15,1.86634387
558.2,1.87138593
558.25,1.86693342
558.3,1.85765487
558.35,1.84984552
558.4,1.84938655
558.45,1.84786766
558.5,1.83231048
558.55,1.80023211
558.6,1.78426981
558.65,1.77557057
558.7,1.77585623
558.75,1.74481232
558.8,1.72616746
558.85,1.70985613
558.9,1.71552167
558.95,1.72109521
559,1.72186961
559.05,1.73360413
559.1,1.74619876
559.15,1.76966084
559.2,1.78163816
559.25,1.79807988
559.3,1.80315673
559.35,1.79783939
559.4,1.79593362
559.45,1.79722479
559.5,1.80688651
559.55,1.80953799
559.6,1.81861759
559.65,1.83012715
559.7,1.82333738
559.75,1.80784934
559.8,1.79491429
559.85,1.80853204
559.9,1.82833552
559.95,1.83905236
560,1.82994174
560.05,1.81997989
560.1,1.80512385
560.15,1.77295091
560.2,1.74952748
560.25,1.7449599
560.3,1.76403549
560.35,1.78350772
560.4,1.79191448
560.45,1.80042475
560.5,1.8138659
560.55,1.8256896
560.6,1.83412203
560.65,1.85096156
560.7,1.87641776
560.75,1.90110948
560.8,1.91474279
560.85,1.90960914
560.9,1.90476526
560.95,1.90036475
561,1.89540931
561.05,1.89048997
561.1,1.8903865
561.15,1.89656967
561.2,1.90287417
561.25,1.90906283
561.3,1.91420793
561.35,1.90950117
561.4,1.88201889
561.45,1.84015464
561.5,1.80410496
561.55,1.78319549
561.6,1.77658665
561.65,1.77250571
561.7,1.76811931
561.75,1.76180322
561.8,1.75010003
561.85,1.74090723
561.9,1.74841045
561.95,1.78233541
562,1.82004997
562.05,1.84768769
562.1,1.85714697
562.15,1.85850264
562.2,1.86319423
562.25,1.86303078
562.3,1.85538876
562.35,1.84435682
562.4,1.8330932
562.45,1.82973176
562.5,1.83299959
562.55,1.84441251
562.6,1.85242354
562.65,1.85757538
562.7,1.85072851
562.75,1.84143433
562.8,1.84161483
562.85,1.85747953
562.9,1.88225087
562.95,1.90353058
563,1.91281606
563.05,1.91266304
563.1,1.9110685
563.15,1.90973592
563.2,1.90772382
563.25,1.9036697
563.3,1.8970722
563.35,1.89220394
563.4,1.88769698
563.45,1.88259821
563.5,1.87509136
563.55,1.86545317
563.6,1.85752761
563.65,1.84930386
563.7,1.83992967
563.75,1.83426835
563.8,1.83408551
563.85,1.84136446
563.9,1.84535288
563.95,1.84389535
564,1.83222782
564.05,1.82212608
564.1,1.81780682
564.15,1.81865458
564.2,1.82627354
564.25,1.82915035
564.3,1.83373197
564.35,1.83595177
564.4,1.83517345
564.45,1.83609615
564.5,1.84130201
564.55,1.85629463
564.6,1.87180092
564.65,1.88372667
564.7,1.88581436
564.75,1.8879791
564.8,1.89329799
564.85,1.89145881
564.9,1.88406204
564.95,1.87169048
565,1.86354499
565.05,1.85751001
565.1,1.85071868
565.15,1.84819801
565.2,1.84741155
565.25,1.84721819
565.3,1.84482035
565.35,1.83945568
565.4,1.83088425
565.45,1.82545572
565.5,1.82841015
565.55,1.8381082
565.6,1.85000767
565.65,1.85250299
565.7,1.83411631
565.75,1.79640162
565.8,1.75828109
565.85,1.73656707
565.9,1.74045701
565.95,1.75009256
566,1.76154337
566.05,1.7640641
566.1,1.75207
566.15,1.72840149
566.2,1.71428901
566.25,1.73119651
566.3,1.77260718
566.35,1.81437464
566.4,1.83272839
566.45,1.84273993
566.5,1.85060418
566.55,1.85253446
566.6,1.84900754
566.65,1.84807134
566.7,1.85618953
566.75,1.86551691
566.8,1.86491081
566.85,1.85226254
566.9,1.84185466
566.95,1.83664777
567,1.83585357
567.05,1.83803593
567.1,1.84226119
567.15,1.85409387
567.2,1.86893537
567.25,1.8804521
567.3,1.88691111
567.35,1.89380549
567.4,1.89728872
567.45,1.89876538
567.5,1.89721697
567.55,1.89754213
567.6,1.90089505
567.65,1.90049207
567.7,1.8994129
567.75,1.8907117
567.8,1.88267103
567.85,1.87464727
567.9,1.87200023
567.95,1.87897462
568,1.88534794
568.05,1.8898908
568.1,1.87645594
568.15,1.85945313
568.2,1.8451304
568.25,1.83990264
568.3,1.83816924
568.35,1.83537656
568.4,1.83641635
568.45,1.83805926
568.5,1.83416567
568.55,1.82322007
568.6,1.81675002
568.65,1.82171247
568.7,1.82517514
568.75,1.81984971
568.8,1.81038856
568.85,1.81129568
568.9,1.81433732
568.95,1.81533872
569,1.81057828
569.05,1.81222358
569.1,1.8172227
569.15,1.81930607
569.2,1.82613232
569.25,1.83726576
569.3,1.85673294
569.35,1.86852097
569.4,1.86759444
569.45,1.86291295
569.5,1.86078438
569.55,1.86686267
569.6,1.87307696
569.65,1.8785922
569.7,1.87539957
569.75,1.87002151
569.8,1.86419437
569.85,1.86242965
569.9,1.86379593
569.95,1.86598021
570,1.8599245
570.05,1.84440485
570.1,1.82563062
570.15,1.81062188
570.2,1.80850882
570.25,1.81273868
570.3,1.81984451
570.35,1.82504451
570.4,1.82217062
570.45,1.81124429
570.5,1.80100095
570.55,1.80088881
570.6,1.81098483
570.65,1.82241779
570.7,1.81710013
570.75,1.80685179
570.8,1.780453
570.85,1.75834823
570.9,1.73834179
570.95,1.72850272
571,1.72709803
571.05,1.71829375
571.1,1.71093362
571.15,1.70552543
571.2,1.71026517
571.25,1.72343613
571.3,1.74093815
571.35,1.76292771
571.4,1.77552511
571.45,1.78673262
571.5,1.79420067
571.55,1.81063655
571.6,1.8349913
571.65,1.84812655
571.7,1.85313365
571.75,1.84767653
571.8,1.84325573
571.85,1.8431803
571.9,1.84875129
571.95,1.85285738
572,1.8564434
572.05,1.85287637
572.1,1.84857377
572.15,1.84850612
572.2,1.85765868
572.25,1.86876608
572.3,1.8786845
572.35,1.88209489
572.4,1.88243859
572.45,1.88460962
572.5,1.8891987
572.55,1.89326632
572.6,1.89573211
572.65,1.89579333
572.7,1.89562181
572.75,1.89596997
572.8,1.8959226
572.85,1.89609971
572.9,1.89656517
572.95,1.89669467
573,1.89259919
573.05,1.88287895
573.1,1.87534976
573.15,1.8700171
573.2,1.87112937
573.25,1.8713064
573.3,1.87182133
573.35,1.87251086
573.4,1.87284035
573.45,1.87228285
573.5,1.86976636
573.55,1.86952477
573.6,1.87282076
573.65,1.88018261
573.7,1.88613098
573.75,1.88639771
573.8,1.88278806
573.85,1.87602722
573.9,1.87167311
573.95,1.86794651
574,1.86517223
574.05,1.86254089
574.1,1.86200796
574.15,1.86134863
574.2,1.86146128
574.25,1.86189832
574.3,1.86404146
574.35,1.87031271
574.4,1.87804609
574.45,1.88386199
574.5,1.88757245
574.55,1.88962916
574.6,1.8874973
574.65,1.87749145
574.7,1.86749564
574.75,1.85869326
574.8,1.85835364
574.85,1.8596443
574.9,1.85983357
574.95,1.8603862
575,1.86067147
575.05,1.85771243
575.1,1.85170135
575.15,1.84714212
575.2,1.83554123
575.25,1.82542982
575.3,1.80962933
575.35,1.79564419
575.4,1.78439977
575.45,1.77640535
575.5,1.77303014
575.55,1.77152982
575.6,1.77453633
575.65,1.77741945
575.7,1.7901088
575.75,1.80958246
575.8,1.83165925
575.85,1.85366262
575.9,1.86412496
575.95,1.86709394
576,1.86378523
576.05,1.856708
576.1,1.84687608
576.15,1.82875303
576.2,1.80909292
576.25,1.7953686
576.3,1.79063549
576.35,1.79509146
576.4,1.79788732
576.45,1.80553151
576.5,1.81482999
576.55,1.82584777
576.6,1.83372545
576.65,1.84188494
576.7,1.85790525
576.75,1.87441144
576.8,1.88451816
576.85,1.87911607
576.9,1.87053567
576.95,1.86515773
577,1.86410928
577.05,1.85993896
577.1,1.85333346
577.15,1.84814257
577.2,1.84508756
577.25,1.84502577
577.3,1.84355459
577.35,1.84240102
577.4,1.84190218
577.45,1.84395094
577.5,1.84367874
577.55,1.84472474
577.6,1.84723038
577.65,1.85121006
577.7,1.85315966
577.75,1.85134701
577.8,1.84980741
577.85,1.85027533
577.9,1.853041
577.95,1.84928941
578,1.84535878
578.05,1.8337901
578.1,1.82407468
578.15,1.81341823
578.2,1.80347837
578.25,1.7982748
578.3,1.79287024
578.35,1.7830577
578.4,1.76644413
578.45,1.75307672
578.5,1.74865102
578.55,1.75648456
578.6,1.77040994
578.65,1.77656067
578.7,1.78269879
578.75,1.78745088
578.8,1.79428967
578.85,1.80339511
578.9,1.81462447
578.95,1.82336996
579,1.82861002
579.05,1.8285878
579.1,1.82486311
579.15,1.82247054
579.2,1.8218592
579.25,1.81909334
579.3,1.8182906
579.35,1.81706861
579.4,1.81527056
579.45,1.8138949
579.5,1.81944138
579.55,1.83065686
579.6,1.84185111
579.65,1.84257672
579.7,1.83571327
579.75,1.83271114
579.8,1.8377879
579.85,1.84562095
579.9,1.84954702
579.95,1.84909307
580,1.8476526
580.05,1.84696784
580.1,1.84633835
580.15,1.84756453
580.2,1.85531065
580.25,1.86151627
580.3,1.86457738
580.35,1.86041203
580.4,1.85159187
580.45,1.84530926
580.5,1.83792552
580.55,1.83141543
580.6,1.82523396
580.65,1.81718164
580.7,1.81286645
580.75,1.8074804
580.8,1.80275602
580.85,1.80360292
580.9,1.80838467
580.95,1.81860287
581,1.82615182
581.05,1.83474332
581.1,1.8405525
581.15,1.84635128
581.2,1.85172145
581.25,1.85181458
581.3,1.85469667
581.35,1.85519075
581.4,1.85583083
581.45,1.85407159
581.5,1.84083213
581.55,1.8288442
581.6,1.81994157
581.65,1.81970011
581.7,1.82296518
581.75,1.82389781
581.8,1.82632951
581.85,1.83060703
581.9,1.83710189
581.95,1.84086987
582,1.84779775
582.05,1.85890977
582.1,1.86843326
582.15,1.87667991
582.2,1.87475381
582.25,1.86874931
582.3,1.86442345
582.35,1.86114188
582.4,1.86098032
582.45,1.86125338
582.5,1.86124392
582.55,1.86077818
582.6,1.86036162
582.65,1.8606428
582.7,1.86106236
582.75,1.86428146
582.8,1.86904897
582.85,1.87386892
582.9,1.87610677
582.95,1.87019776
583,1.86226895
583.05,1.85424195
583.1,1.85046788
583.15,1.85100799
583.2,1.85298078
583.25,1.85248014
583.3,1.85172466
583.35,1.84895855
583.4,1.84443425
583.45,1.84203874
583.5,1.8441402
583.55,1.85207982
583.6,1.86207205
583.65,1.86492137
583.7,1.86258873
583.75,1.85843773
583.8,1.85730372
583.85,1.85562247
583.9,1.85526373
583.95,1.85568285
584,1.85701837
584.05,1.86142161
584.1,1.86218855
584.15,1.86210051
584.2,1.86226499
584.25,1.86515044
584.3,1.86863161
584.35,1.8701881
584.4,1.87237549
584.45,1.87511666
584.5,1.87845588
584.55,1.87962784
584.6,1.87541656
584.65,1.8665003
584.7,1.85827306
584.75,1.85333227
584.8,1.85016714
584.85,1.85191693
584.9,1.85293017
584.95,1.85469612
585,1.8568221
585.05,1.8546727
585.1,1.85112929
585.15,1.84848711
585.2,1.84851863
585.25,1.8502424
585.3,1.8517073
585.35,1.85060887
585.4,1.84956623
585.45,1.8446961
585.5,1.83828783
585.55,1.82899769
585.6,1.80996124
585.65,1.79192112
585.7,1.77604708
585.75,1.77213993
585.8,1.77149111
585.85,1.76375249
585.9,1.75759154
585.95,1.75076536
586,1.75517706
586.05,1.75420531
586.1,1.74418958
586.15,1.74868406
586.2,1.75514923
586.25,1.77363327
586.3,1.78454672
586.35,1.79344889
586.4,1.80505748
586.45,1.8154039
586.5,1.8177241
586.55,1.81014527
586.6,1.79967951
586.65,1.79943189
586.7,1.80543025
586.75,1.81416554
586.8,1.81925538
586.85,1.81940307
586.9,1.8192974
586.95,1.81774822
587,1.81400855
587.05,1.81581041
587.1,1.81736681
587.15,1.82692738
587.2,1.83468001
587.25,1.83926012
587.3,1.84139257
587.35,1.84188131
587.4,1.8433587
587.45,1.84549508
587.5,1.84871304
587.55,1.85381944
587.6,1.85763391
587.65,1.86065342
587.7,1.86297852
587.75,1.8655528
587.8,1.87030009
587.85,1.87290073
587.9,1.87182153
587.95,1.86876865
588,1.86408802
588.05,1.86181723
588.1,1.85956935
588.15,1.86193645
588.2,1.86258854
588.25,1.854889
588.3,1.84957047
588.35,1.84360388
588.4,1.84650424
588.45,1.85027647
588.5,1.85517876
588.55,1.86031282
588.6,1.86268912
588.65,1.86403205
588.7,1.85731059
588.75,1.84833545
588.8,1.82466389
588.85,1.77114233
588.9,1.71034034
588.95,1.64974468
589,1.61332036
589.05,1.60485696
589.1,1.59418951
589.15,1.57816344
589.2,1.56270322
589.25,1.54982422
589.3,1.54482338
589.35,1.55177781
589.4,1.57570093
589.45,1.58309826
589.5,1.59755634
589.55,1.59689142
589.6,1.59446609
589.65,1.60340991
589.7,1.60943755
589.75,1.61446047
589.8,1.62025638
589.85,1.61689518
589.9,1.60787772
589.95,1.61198122
590,1.64569351
590.05,1.69063484
590.1,1.73659352
590.15,1.75881462
590.2,1.76351143
590.25,1.76489166
590.3,1.76978132
590.35,1.77224195
590.4,1.77082255
590.45,1.76592027
590.5,1.76114888
590.55,1.75928105
590.6,1.76261198
590.65,1.76658406
590.7,1.77009158
590.75,1.77426287
590.8,1.77761852
590.85,1.77535773
590.9,1.77562607
590.95,1.78060063
591,1.79180458
591.05,1.80350422
591.1,1.81205369
591.15,1.81385856
591.2,1.81329238
591.25,1.8022543
591.3,1.78699582
591.35,1.77502906
591.4,1.76952065
591.45,1.77582712
591.5,1.77320059
591.55,1.76713984
591.6,1.76225844
591.65,1.76520066
591.7,1.76694361
591.75,1.76209405
591.8,1.77220712
591.85,1.7861324
591.9,1.80130784
591.95,1.80969623
592,1.81091549
592.05,1.81546709
592.1,1.82253224
592.15,1.83076759
592.2,1.83197241
592.25,1.83267952
592.3,1.83215254
592.35,1.83181414
592.4,1.83174297
592.45,1.83342679
592.5,1.83590884
592.55,1.83112511
592.6,1.8241828
592.65,1.81250358
592.7,1.80325259
592.75,1.80163839
592.8,1.79861341
592.85,1.79030481
592.9,1.77636667
592.95,1.76603498
593,1.75934409
593.05,1.75848409
593.1,1.76356149
593.15,1.77188035
593.2,1.78458833
593.25,1.79566133
593.3,1.79464848
593.35,1.78497042
593.4,1.78230732
593.45,1.78946583
593.5,1.80291551
593.55,1.81353441
593.6,1.81310384
593.65,1.81081602
593.7,1.80915078
593.75,1.80781955
593.8,1.80489835
593.85,1.80757028
593.9,1.81367872
593.95,1.8199898
594,1.82440088
594.05,1.81944935
594.1,1.81389453
594.15,1.80991426
594.2,1.80805164
594.25,1.80727138
594.3,1.80700525
594.35,1.80642586
594.4,1.80680495
594.45,1.80739272
594.5,1.8082647
594.55,1.80979359
594.6,1.81209193
594.65,1.81479968
594.7,1.81094553
594.75,1.80427144
594.8,1.79468177
594.85,1.78782243
594.9,1.78900336
594.95,1.79024627
595,1.79034847
595.05,1.79098294
595.1,1.78761748
595.15,1.77753329
595.2,1.76494953
595.25,1.76196272
595.3,1.76835382
595.35,1.78345372
595.4,1.7944813
595.45,1.79960761
595.5,1.79511322
595.55,1.78627879
595.6,1.77767554
595.65,1.77109232
595.7,1.77764781
595.75,1.78683294
595.8,1.79704273
595.85,1.80124118
595.9,1.79928396
595.95,1.79652358
596,1.79150977
596.05,1.79074371
596.1,1.79454481
596.15,1.79988627
596.2,1.80866613
596.25,1.81158043
596.3,1.81314089
596.35,1.81495377
596.4,1.8145697
596.45,1.81107485
596.5,1.80924455
596.55,1.80843763
596.6,1.81119133
596.65,1.81464442
596.7,1.81692408
596.75,1.81873177
596.8,1.8200462
596.85,1.82148154
596.9,1.82150847
596.95,1.82279867
597,1.82807349
597.05,1.83368888
597.1,1.84022784
597.15,1.84384374
597.2,1.84569204
597.25,1.84666611
597.3,1.84685018
597.35,1.8404434
597.4,1.82640208
597.45,1.82086292
597.5,1.80520017
597.55,1.7917906
597.6,1.78245518
597.65,1.77459676
597.7,1.76438502
597.75,1.75994354
597.8,1.75546897
597.85,1.75324453
597.9,1.75953072
597.95,1.7714696
598,1.78532231
598.05,1.80384116
598.1,1.8152625
598.15,1.82340528
598.2,1.82759971
598.25,1.82752459
598.3,1.82580738
598.35,1.81824718
598.4,1.80891042
598.45,1.79885862
598.5,1.79250444
598.55,1.78602005
598.6,1.77689571
598.65,1.76812181
598.7,1.76115496
598.75,1.76101964
598.8,1.76248385
598.85,1.76744774
598.9,1.77658909
598.95,1.78336375
599,1.78503669
599.05,1.78155928
599.1,1.78122012
599.15,1.78534105
599.2,1.79169357
599.25,1.79419094
599.3,1.79270084
599.35,1.79125214
599.4,1.79055158
599.45,1.79053436
599.5,1.79256257
599.55,1.79277899
599.6,1.78937377
599.65,1.78408184
599.7,1.77731115
599.75,1.77628845
599.8,1.77859782
599.85,1.78171033
599.9,1.78390531
599.95,1.78445453
600,1.78467551
600.05,1.78654113
600.1,1.79341362
600.15,1.79719897
600.2,1.80017546
600.25,1.79939237
600.3,1.79700767
600.35,1.79688023
600.4,1.7934991
600.45,1.78990151
600.5,1.78642969
600.55,1.78317095
600.6,1.77936927
600.65,1.77309535
600.7,1.7670473
600.75,1.76018284
600.8,1.75569469
600.85,1.74894126
600.9,1.74625238
600.95,1.74788871
601,1.75118491
601.05,1.75538153
601.1,1.75681899
601.15,1.75610135
601.2,1.75530971
601.25,1.76006824
601.3,1.76717835
601.35,1.77464549
601.4,1.78139779
601.45,1.78131298
601.5,1.77380054
601.55,1.75945407
601.6,1.74569848
601.65,1.73541237
601.7,1.73806705
601.75,1.74636459
601.8,1.75265403
601.85,1.75315705
601.9,1.74457472
601.95,1.73332376
602,1.7216091
602.05,1.71921631
602.1,1.72338017
602.15,1.72881142
602.2,1.73428993
602.25,1.72825977
602.3,1.71800004
602.35,1.70855625
602.4,1.70802892
602.45,1.71719181
602.5,1.72740785
602.55,1.73596542
602.6,1.73712562
602.65,1.73763121
602.7,1.73745204
602.75,1.73938614
602.8,1.74420307
602.85,1.74463427
602.9,1.7430539
602.95,1.73762366
603,1.732475
603.05,1.73277475
603.1,1.73849798
603.15,1.7458235
603.2,1.75340448
603.25,1.7577979
603.3,1.75693775
603.35,1.75992894
603.4,1.76856658
603.45,1.77944874
603.5,1.78936674
603.55,1.79244224
603.6,1.79228141
603.65,1.79132805
603.7,1.79037004
603.75,1.78987093
603.8,1.79008404
603.85,1.79009495
603.9,1.79046169
603.95,1.79081212
604,1.79081003
604.05,1.79085197
604.1,1.79113838
604.15,1.79176426
604.2,1.79209107
604.25,1.79092733
604.3,1.78921825
604.35,1.78786055
604.4,1.78734303
604.45,1.78778485
604.5,1.7879526
604.55,1.78795691
604.6,1.78838381
604.65,1.78871484
604.7,1.78890772
604.75,1.78932603
604.8,1.79060642
604.85,1.79232769
604.9,1.79421894
604.95,1.79514799
605,1.79580468
605.05,1.79658987
605.1,1.79701063
605.15,1.7971309
605.2,1.79648103
605.25,1.79459909
605.3,1.79289132
605.35,1.79148698
605.4,1.79014649
605.45,1.78399263
605.5,1.77624435
605.55,1.76865455
605.6,1.76335216
605.65,1.76294733
605.7,1.76265331
605.75,1.76309207
605.8,1.7644053
605.85,1.76598544
605.9,1.76675496
605.95,1.76783462
606,1.77398209
606.05,1.78108133
606.1,1.78927032
606.15,1.79180817
606.2,1.79062693
606.25,1.78944383
606.3,1.78856594
606.35,1.78728856
606.4,1.77614664
606.45,1.76098182
606.5,1.7476672
606.55,1.73789007
606.6,1.73640438
606.65,1.73683441
606.7,1.73820186
606.75,1.7401049
606.8,1.74274825
606.85,1.74430967
606.9,1.74757728
606.95,1.76044692
607,1.77526831
607.05,1.7902684
607.1,1.79859082
607.15,1.79969064
607.2,1.80022359
607.25,1.80080028
607.3,1.80099408
607.35,1.80080832
607.4,1.80041103
607.45,1.79992303
607.5,1.79903106
607.55,1.79808898
607.6,1.79715084
607.65,1.79511363
607.7,1.78708486
607.75,1.77468837
607.8,1.76115992
607.85,1.75004403
607.9,1.74504739
607.95,1.74318485
608,1.74163196
608.05,1.74033524
608.1,1.73753712
608.15,1.73191493
608.2,1.72770669
608.25,1.72844125
608.3,1.73379838
608.35,1.7404224
608.4,1.74147518
608.45,1.73828523
608.5,1.73205251
608.55,1.72846147
608.6,1.72573179
608.65,1.72576688
608.7,1.72776652
608.75,1.73031552
608.8,1.73256527
608.85,1.73192907
608.9,1.73250278
608.95,1.73247122
609,1.7339536
609.05,1.73535231
609.1,1.73446115
609.15,1.73345556
609.2,1.73110121
609.25,1.72795091
609.3,1.72519044
609.35,1.7252466
609.4,1.72899362
609.45,1.73507347
609.5,1.73907855
609.55,1.73959767
609.6,1.73981773
609.65,1.73942663
609.7,1.74132879
609.75,1.74504911
609.8,1.74943252
609.85,1.7542545
609.9,1.75764692
609.95,1.7586193
610,1.75821088
610.05,1.75611161
610.1,1.74458693
610.15,1.72618614
610.2,1.70594073
610.25,1.69028099
610.3,1.68473022
610.35,1.68408043
610.4,1.6835604
610.45,1.68184187
610.5,1.67866292
610.55,1.67337067
610.6,1.66958569
610.65,1.67170332
610.7,1.68189793
610.75,1.69795654
610.8,1.71174914
610.85,1.71871668
610.9,1.72232349
610.95,1.72327088
611,1.72312793
611.05,1.72429084
611.1,1.72673373
611.15,1.73217472
611.2,1.74051805
611.25,1.74978767
611.3,1.75620872
611.35,1.76103762
611.4,1.76209917
611.45,1.75887713
611.5,1.75432316
611.55,1.74916141
611.6,1.74551586
611.65,1.74552341
611.7,1.7487317
611.75,1.75346165
611.8,1.75644938
611.85,1.75689387
611.9,1.75427307
611.95,1.75131736
612,1.75175887
612.05,1.74922414
612.1,1.74038663
612.15,1.73036189
612.2,1.71967568
612.25,1.71442378
612.3,1.71508236
612.35,1.71244871
612.4,1.7092532
612.45,1.7063778
612.5,1.70282653
612.55,1.7025434
612.6,1.70929269
612.65,1.71728961
612.7,1.72424583
612.75,1.7293637
612.8,1.72229214
612.85,1.71718151
612.9,1.71786509
612.95,1.72048466
613,1.7259012
613.05,1.72517788
613.1,1.72053864
613.15,1.71843566
613.2,1.72631734
613.25,1.73813553
613.3,1.75007062
613.35,1.76189526
613.4,1.76830668
613.45,1.77359192
613.5,1.76672064
613.55,1.74484288
613.6,1.71770768
613.65,1.68592392
613.7,1.66585966
613.75,1.65307716
613.8,1.6474753
613.85,1.64975126
613.9,1.65125844
613.95,1.65077638
614,1.64040212
614.05,1.63354106
614.1,1.6348937
614.15,1.65205315
614.2,1.68070921
614.25,1.70461769
614.3,1.71918913
614.35,1.71793774
614.4,1.70982333
614.45,1.69983002
614.5,1.69305512
614.55,1.69797817
614.6,1.7069472
614.65,1.71637303
614.7,1.72503421
614.75,1.72483813
614.8,1.71963207
614.85,1.71678111
614.9,1.71806374
614.95,1.72292739
615,1.73073817
615.05,1.73277911
615.1,1.73031842
615.15,1.73142312
615.2,1.73812448
615.25,1.74678047
615.3,1.75493472
615.35,1.75459306
615.4,1.74548505
615.45,1.73721386
615.5,1.72826508
615.55,1.72801854
615.6,1.73219883
615.65,1.73250149
615.7,1.73297841
615.75,1.72860325
615.8,1.72161336
615.85,1.72055178
615.9,1.72428188
615.95,1.72801578
616,1.72606652
616.05,1.7111881
616.1,1.68135387
616.15,1.65907085
616.2,1.63977662
616.25,1.62381161
616.3,1.61995139
616.35,1.61463652
616.4,1.60968849
616.45,1.60991169
616.5,1.60665001
616.55,1.60558621
616.6,1.62343008
616.65,1.64759261
616.7,1.67003981
616.75,1.68833993
616.8,1.68411617
616.85,1.66993381
616.9,1.65373355
616.95,1.63897027
617,1.63327423
617.05,1.6384059
617.1,1.6456105
617.15,1.64833595
617.2,1.64218302
617.25,1.6316056
617.3,1.62970581
617.35,1.63971622
617.4,1.65831787
617.45,1.67951447
617.5,1.69272781
617.55,1.69553025
617.6,1.6938459
617.65,1.68778982
617.7,1.684695
617.75,1.6909199
617.8,1.69755823
617.85,1.70067929
617.9,1.69832979
617.95,1.69645825
618,1.69623541
618.05,1.70168914
618.1,1.710736
618.15,1.71703577
618.2,1.72430976
618.25,1.72891628
618.3,1.73081281
618.35,1.7318222
618.4,1.73652758
618.45,1.7432356
618.5,1.74896614
618.55,1.75316087
618.6,1.75167673
618.65,1.74518374
618.7,1.73905322
618.75,1.73482836
618.8,1.73151399
618.85,1.73217169
618.9,1.73159368
618.95,1.72402482
619,1.70459378
619.05,1.68362236
619.1,1.66579594
619.15,1.65770216
619.2,1.66407609
619.25,1.66940923
619.3,1.67360764
619.35,1.6751154
619.4,1.67261472
619.45,1.66967972
619.5,1.67256777
619.55,1.68764709
619.6,1.70771379
619.65,1.72908527
619.7,1.74156484
619.75,1.74275433
619.8,1.74076865
619.85,1.73605619
619.9,1.72694165
619.95,1.71994629
620,1.71380183
620.05,1.71166724
620.1,1.71246223
620.15,1.71212536
620.2,1.71123387
620.25,1.71021949
620.3,1.71009397
620.35,1.70999177
620.4,1.71630303
620.45,1.72611018
620.5,1.73620246
620.55,1.74551593
620.6,1.74961035
620.65,1.75129445
620.7,1.75241963
620.75,1.75289769
620.8,1.75263857
620.85,1.75267234
620.9,1.75357988
620.95,1.75732112
621,1.76069633
621.05,1.76304818
621.1,1.76499155
621.15,1.76375076
621.2,1.75437442
621.25,1.74527172
621.3,1.7362373
621.35,1.72786612
621.4,1.72238758
621.45,1.7165097
621.5,1.70883488
621.55,1.70511709
621.6,1.70536671
621.65,1.70297702
621.7,1.70694733
621.75,1.71156393
621.8,1.71157609
621.85,1.71237972
621.9,1.70840925
621.95,1.70260616
622,1.699725
622.05,1.69740433
622.1,1.69425609
622.15,1.69172351
622.2,1.69042369
622.25,1.6879116
622.3,1.68915675
622.35,1.69470424
622.4,1.70266542
622.45,1.71546796
622.5,1.72372945
622.55,1.73032578
622.6,1.73808734
622.65,1.74327749
622.7,1.74767811
622.75,1.74695325
622.8,1.7413709
622.85,1.7353143
622.9,1.72374307
622.95,1.70404174
623,1.68817855
623.05,1.67461405
623.1,1.66629165
623.15,1.66179307
623.2,1.65652796
623.25,1.64917007
623.3,1.64979265
623.35,1.6557749
623.4,1.65822585
623.45,1.67027481
623.5,1.68580745
623.55,1.69818326
623.6,1.70435633
623.65,1.70679619
623.7,1.7031747
623.75,1.70151692
623.8,1.70723749
623.85,1.70311564
623.9,1.69256786
623.95,1.68223368
624,1.67522747
624.05,1.66982794
624.1,1.67433838
624.15,1.67982721
624.2,1.68143068
624.25,1.68079022
624.3,1.67095019
624.35,1.66000525
624.4,1.65162257
624.45,1.64936155
624.5,1.64546945
624.55,1.64178675
624.6,1.63259511
624.65,1.6210962
624.7,1.61860929
624.75,1.61718454
624.8,1.62824716
624.85,1.6456759
624.9,1.66279048
624.95,1.6776234
625,1.68985045
625.05,1.69976229
625.1,1.70156587
625.15,1.70422831
625.2,1.70012696
625.25,1.68377873
625.3,1.66915934
625.35,1.65360181
625.4,1.63914009
625.45,1.63308711
625.5,1.62461749
625.55,1.6138775
625.6,1.60251025
625.65,1.59983393
625.7,1.60238945
625.75,1.60263966
625.8,1.61459686
625.85,1.62498701
625.9,1.63896218
625.95,1.65220076
626,1.65368142
626.05,1.6578982
626.1,1.66199832
626.15,1.66965507
626.2,1.67913527
626.25,1.68377161
626.3,1.68986022
626.35,1.68999713
626.4,1.68388509
626.45,1.67634001
626.5,1.6704601
626.55,1.67205817
626.6,1.67558173
626.65,1.67665598
626.7,1.67458536
626.75,1.67207843
626.8,1.6704503
626.85,1.6653974
626.9,1.66623087
626.95,1.67026249
627,1.67319261
627.05,1.68067511
627.1,1.6810246
627.15,1.67884765
627.2,1.68008962
627.25,1.68150778
627.3,1.68331642
627.35,1.68400851
627.4,1.68789884
627.45,1.69378673
627.5,1.70093872
627.55,1.70990681
627.6,1.7136256
627.65,1.71618831
627.7,1.71802128
627.75,1.71747289
627.8,1.71530666
627.85,1.71118011
627.9,1.70226822
627.95,1.69155566
628,1.6839058
628.05,1.67764147
628.1,1.67535681
628.15,1.67510766
628.2,1.67393763
628.25,1.67323613
628.3,1.67325178
628.35,1.67469
628.4,1.67631722
628.45,1.68319371
628.5,1.69255108
628.55,1.70064759
628.6,1.70785268
628.65,1.71045246
628.7,1.71117132
628.75,1.71201338
628.8,1.7134374
628.85,1.7141102
628.9,1.71326423
628.95,1.70935027
629,1.70450024
629.05,1.70099829
629.1,1.69840965
629.15,1.69917888
629.2,1.70059887
629.25,1.70041062
629.3,1.70084303
629.35,1.70102924
629.4,1.70079459
629.45,1.70098028
629.5,1.70336659
629.55,1.70670856
629.6,1.70839268
629.65,1.70368611
629.7,1.69836286
629.75,1.69266863
629.8,1.68833861
629.85,1.69014521
629.9,1.68872893
629.95,1.68363194
630,1.67020269
630.05,1.6570921
630.1,1.63918059
630.15,1.62513669
630.2,1.62688936
630.25,1.62812072
630.3,1.63574136
630.35,1.64262444
630.4,1.64281658
630.45,1.64161488
630.5,1.64227261
630.55,1.65024984
630.6,1.66028538
630.65,1.67878056
630.7,1.69689047
630.75,1.70792921
630.8,1.71839218
630.85,1.72005832
630.9,1.71990063
630.95,1.7198296
631,1.71812954
631.05,1.71850304
631.1,1.71870687
631.15,1.71873003
631.2,1.72087057
631.25,1.72115632
631.3,1.71461272
631.35,1.70368894
631.4,1.68413492
631.45,1.66509133
631.5,1.65487822
631.55,1.65011168
631.6,1.65205164
631.65,1.64752231
631.7,1.63473577
631.75,1.61649993
631.8,1.59248152
631.85,1.58249797
631.9,1.58280795
631.95,1.59483633
632,1.6159239
632.05,1.62853166
632.1,1.6304509
632.15,1.62182681
632.2,1.61878858
632.25,1.62305583
632.3,1.63827932
632.35,1.65914987
632.4,1.6717891
632.45,1.67951595
632.5,1.68342444
632.55,1.68248585
632.6,1.67834961
632.65,1.67960479
632.7,1.68343059
632.75,1.6914397
632.8,1.70209724
632.85,1.70515659
632.9,1.70441072
632.95,1.70220163
633,1.69965083
633.05,1.6959688
633.1,1.69246287
633.15,1.69225421
633.2,1.69427728
633.25,1.69861925
633.3,1.7026102
633.35,1.70095513
633.4,1.68840734
633.45,1.67908412
633.5,1.66800638
633.55,1.65471497
633.6,1.65416171
633.65,1.65207683
633.7,1.65014718
633.75,1.64637889
633.8,1.63923301
633.85,1.62907349
633.9,1.62348013
633.95,1.63127215
634,1.63853777
634.05,1.64902558
634.1,1.66184962
634.15,1.66672428
634.2,1.66991709
634.25,1.66664688
634.3,1.66029745
634.35,1.65649644
634.4,1.65499074
634.45,1.6578361
634.5,1.65805865
634.55,1.65306969
634.6,1.64805416
634.65,1.64487468
634.7,1.64437752
634.75,1.64755874
634.8,1.65580325
634.85,1.66656656
634.9,1.67600653
634.95,1.68548414
635,1.69038677
635.05,1.69127267
635.1,1.6959055
635.15,1.70073933
635.2,1.70262641
635.25,1.70157743
635.3,1.69763434
635.35,1.68842179
635.4,1.67993803
635.45,1.67624838
635.5,1.67123217
635.55,1.67176696
635.6,1.67502903
635.65,1.67513628
635.7,1.66838684
635.75,1.65629151
635.8,1.6491396
635.85,1.64123251
635.9,1.64453644
635.95,1.65205089
636,1.65371641
636.05,1.65628158
636.1,1.64961339
636.15,1.6402187
636.2,1.62974553
636.25,1.62491412
636.3,1.62605368
636.35,1.62955871
636.4,1.63566582
636.45,1.6382479
636.5,1.63783057
636.55,1.63967355
636.6,1.64188025
636.65,1.64662446
636.7,1.65118508
636.75,1.65398156
636.8,1.65451524
636.85,1.65577244
636.9,1.65889465
636.95,1.66126554
637,1.66321161
637.05,1.66367248
637.1,1.66304019
637.15,1.66291891
637.2,1.66486156
637.25,1.66719153
637.3,1.67044724
637.35,1.67475622
637.4,1.67941751
637.45,1.6818622
637.5,1.68430555
637.55,1.6876183
637.6,1.6915849
637.65,1.6944142
637.7,1.69539383
637.75,1.69451725
637.8,1.69309923
637.85,1.69200911
637.9,1.68938072
637.95,1.68511564
638,1.6823808
638.05,1.68029335
638.1,1.6808164
638.15,1.68263951
638.2,1.68364014
638.25,1.6851333
638.3,1.68566726
638.35,1.68467339
638.4,1.67787744
638.45,1.67395962
638.5,1.6739235
638.55,1.67632607
638.6,1.68338282
638.65,1.68716895
638.7,1.68671608
638.75,1.68633141
638.8,1.68579202
638.85,1.6863733
638.9,1.68744759
638.95,1.69290897
639,1.6998804
639.05,1.705274
639.1,1.70644531
639.15,1.70173284
639.2,1.68739293
639.25,1.66884482
639.3,1.65656011
639.35,1.64543149
639.4,1.6417222
639.45,1.64378045
639.5,1.64291969
639.55,1.6416119
639.6,1.64017056
639.65,1.64262771
639.7,1.64378643
639.75,1.65316768
639.8,1.66501192
639.85,1.65772234
639.9,1.64892125
639.95,1.63692674
640,1.62121239
640.05,1.62232203
640.1,1.62734964
640.15,1.62827361
640.2,1.62870482
640.25,1.62867138
640.3,1.62629879
640.35,1.62379095
640.4,1.63515506
640.45,1.65478501
640.5,1.67727955
640.55,1.69968023
640.6,1.70488226
640.65,1.69240758
640.7,1.67877521
640.75,1.66817389
640.8,1.66074962
640.85,1.66033354
640.9,1.66095678
640.95,1.65746882
641,1.6474664
641.05,1.63041024
641.1,1.61666946
641.15,1.60379421
641.2,1.60685911
641.25,1.62029677
641.3,1.62988399
641.35,1.63652417
641.4,1.63485685
641.45,1.62957305
641.5,1.62207672
641.55,1.62002124
641.6,1.62625875
641.65,1.63298669
641.7,1.64282019
641.75,1.65204664
641.8,1.6506588
641.85,1.63956352
641.9,1.63335359
641.95,1.62176741
642,1.60556433
642.05,1.60064815
642.1,1.59615134
642.15,1.59654604
642.2,1.60733248
642.25,1.61549845
642.3,1.6179956
642.35,1.6172986
642.4,1.62373365
642.45,1.62850438
642.5,1.63948901
642.55,1.65980201
642.6,1.67229635
642.65,1.68586639
642.7,1.69614168
642.75,1.69824309
642.8,1.69802439
642.85,1.69633955
642.9,1.68805096
642.95,1.67458276
643,1.66388804
643.05,1.65413293
643.1,1.64835332
643.15,1.64752969
643.2,1.64405345
643.25,1.64014589
643.3,1.63737636
643.35,1.63743537
643.4,1.63446096
643.45,1.63729104
643.5,1.64559736
643.55,1.65546711
643.6,1.66654892
643.65,1.67479985
643.7,1.67458016
643.75,1.65725412
643.8,1.64300394
643.85,1.63043359
643.9,1.61798788
643.95,1.61909275
644,1.62067735
644.05,1.62113858
644.1,1.62054064
644.15,1.61944966
644.2,1.61756067
644.25,1.61064156
644.3,1.62164209
644.35,1.63856645
644.4,1.65708693
644.45,1.68037278
644.5,1.68813699
644.55,1.68879988
644.6,1.68802839
644.65,1.68810807
644.7,1.68913979
644.75,1.68988808
644.8,1.68677105
644.85,1.67472704
644.9,1.66299455
644.95,1.65178785
645,1.64156918
645.05,1.64210484
645.1,1.64148101
645.15,1.64032362
645.2,1.64079457
645.25,1.64045098
645.3,1.63784153
645.35,1.63298742
645.4,1.63555016
645.45,1.64030048
645.5,1.64216244
645.55,1.6470752
645.6,1.64295475
645.65,1.63801147
645.7,1.63760753
645.75,1.63772049
645.8,1.6376309
645.85,1.63792405
645.9,1.63935716
645.95,1.64363266
646,1.65058926
646.05,1.65896066
646.1,1.65702909
646.15,1.64510247
646.2,1.62961635
646.25,1.61047183
646.3,1.59876863
646.35,1.59520391
646.4,1.5910296
646.45,1.58517758
646.5,1.57979976
646.55,1.57518769
646.6,1.57569774
646.65,1.58911153
646.7,1.60835147
646.75,1.62611982
646.8,1.64017392
646.85,1.64519254
646.9,1.64340597
646.95,1.6443871
647,1.64299502
647.05,1.63879518
647.1,1.63403935
647.15,1.62799401
647.2,1.6249452
647.25,1.62563836
647.3,1.62890939
647.35,1.63247471
647.4,1.63312308
647.45,1.63051287
647.5,1.62609409
647.55,1.62648602
647.6,1.63085989
647.65,1.63858516
647.7,1.6458801
647.75,1.64761332
647.8,1.64659761
647.85,1.64570175
647.9,1.6458277
647.95,1.6494301
648,1.65404108
648.05,1.6542719
648.1,1.65130154
648.15,1.64302025
648.2,1.63240535
648.25,1.62497664
648.3,1.62031605
648.35,1.61862904
648.4,1.61797352
648.45,1.61847888
648.5,1.61904983
648.55,1.62115353
648.6,1.6280164
648.65,1.63753912
648.7,1.64969358
648.75,1.66112774
648.8,1.6689791
648.85,1.67409875
648.9,1.67614325
648.95,1.6772843
649,1.67621211
649.05,1.6734617
649.1,1.67059446
649.15,1.66716518
649.2,1.6599271
649.25,1.64664085
649.3,1.6298139
649.35,1.60395865
649.4,1.57420064
649.45,1.54935068
649.5,1.5224316
649.55,1.50112188
649.6,1.48743924
649.65,1.47728449
649.7,1.47267106
649.75,1.47457874
649.8,1.47760028
649.85,1.48043763
649.9,1.49282504
649.95,1.50821904
650,1.52343381
650.05,1.54650715
650.1,1.56537968
650.15,1.57889074
650.2,1.58791323
650.25,1.58798039
650.3,1.58379289
650.35,1.58356749
650.4,1.587229
650.45,1.59331799
650.5,1.60036654
650.55,1.60413342
650.6,1.60394558
650.65,1.60354917
650.7,1.60271172
650.75,1.60175207
650.8,1.60328439
650.85,1.60663646
650.9,1.61080434
650.95,1.61567379
651,1.61894445
651.05,1.61970449
651.1,1.62005975
651.15,1.62017981
651.2,1.62030081
651.25,1.62072821
651.3,1.62227074
651.35,1.62571468
651.4,1.62922464
651.45,1.62997874
651.5,1.62761606
651.55,1.62325005
651.6,1.61829654
651.65,1.61386608
651.7,1.60843087
651.75,1.602097
651.8,1.59568075
651.85,1.58943676
651.9,1.58632549
651.95,1.58487467
652,1.58510834
652.05,1.58649596
652.1,1.58837343
652.15,1.59074486
652.2,1.59378906
652.25,1.59865909
652.3,1.60448293
652.35,1.61055421
652.4,1.61583312
652.45,1.61736882
652.5,1.61688026
652.55,1.61533618
652.6,1.61317155
652.65,1.61097229
652.7,1.60931844
652.75,1.60833068
652.8,1.60784648
652.85,1.60718259
652.9,1.60613445
652.95,1.60489308
653,1.60408667
653.05,1.60494618
653.1,1.60719025
653.15,1.60963912
653.2,1.60715512
653.25,1.60286357
653.3,1.59782581
653.35,1.59264762
653.4,1.5888793
653.45,1.58764256
653.5,1.58728429
653.55,1.58670512
653.6,1.58567429
653.65,1.58422558
653.7,1.58216279
653.75,1.58049907
653.8,1.58088381
653.85,1.58209488
653.9,1.58399674
653.95,1.58597786
654,1.58529767
654.05,1.58345209
654.1,1.58152884
654.15,1.57977442
654.2,1.57933116
654.25,1.5810586
654.3,1.58443395
654.35,1.58790837
654.4,1.59037
654.45,1.58579
654.5,1.57506465
654.55,1.56429488
654.6,1.55254767
654.65,1.54409667
654.7,1.54066837
654.75,1.53741
654.8,1.5354207
654.85,1.53391837
654.9,1.53109116
654.95,1.52897907
655,1.53205349
655.05,1.53799
655.1,1.5459907
655.15,1.55554884
655.2,1.5606593
655.25,1.56249605
655.3,1.56346
655.35,1.5619186
655.4,1.55753326
655.45,1.55186651
655.5,1.54603395
655.55,1.53998721
655.6,1.5344007
655.65,1.52933047
655.7,1.52363326
655.75,1.51645279
655.8,1.50733698
655.85,1.49611512
655.9,1.48268163
655.95,1.46795372
656,1.45077628
656.05,1.42637628
656.1,1.38806465
656.15,1.33446
656.2,1.27327953
656.25,1.21039186
656.3,1.16011628
656.35,1.13151628
656.4,1.11677814
656.45,1.11048909
656.5,1.11106837
656.55,1.11758233
656.6,1.13361744
656.65,1.16843047
656.7,1.21822116
656.75,1.27277186
656.8,1.32396349
656.85,1.36373273
656.9,1.38868372
656.95,1.40291699
657,1.41064193
657.05,1.41879491
657.1,1.42570735
657.15,1.4295871
657.2,1.43531041
657.25,1.44036669
657.3,1.44533163
657.35,1.45023586
657.4,1.45458086
657.45,1.46009631
657.5,1.46551082
657.55,1.46965979
657.6,1.4742099
657.65,1.47902431
657.7,1.48412752
657.75,1.48970333
657.8,1.49702853
657.85,1.50581372
657.9,1.51606936
657.95,1.52589054
658,1.53402217
658.05,1.54041701
658.1,1.54425458
658.15,1.54720506
658.2,1.5500635
658.25,1.55237306
658.3,1.55398364
658.35,1.55503081
658.4,1.55606509
658.45,1.5562693
658.5,1.55567325
658.55,1.55548734
658.6,1.55531761
658.65,1.55583956
658.7,1.55747888
658.75,1.55941317
658.8,1.56133831
658.85,1.56352091
658.9,1.56566383
658.95,1.56727499
659,1.56926468
659.05,1.57149649
659.1,1.56988612
659.15,1.56151209
659.2,1.54933843
659.25,1.53231628
659.3,1.51623312
659.35,1.50580786
659.4,1.49850362
659.45,1.49390621
659.5,1.49240066
659.55,1.49113241
659.6,1.48834337
659.65,1.48945702
659.7,1.49482749
659.75,1.50246022
659.8,1.51524971
659.85,1.52840408
659.9,1.5362417
659.95,1.5421104
660,1.54470216
660.05,1.5448872
660.1,1.54572532
660.15,1.54919777
660.2,1.55333329
660.25,1.55792198
660.3,1.56200799
660.35,1.56440837
660.4,1.56557289
660.45,1.56603387
660.5,1.56652738
660.55,1.56660803
660.6,1.56570287
660.65,1.56410306
660.7,1.56157932
660.75,1.55668728
660.8,1.54916994
660.85,1.54199215
660.9,1.53638519
660.95,1.53292387
661,1.53311778
661.05,1.53495632
661.1,1.53609994
661.15,1.53670037
661.2,1.53706697
661.25,1.53803396
661.3,1.54167555
661.35,1.54840142
661.4,1.55653819
661.45,1.56474037
661.5,1.57090956
661.55,1.57324787
661.6,1.57258982
661.65,1.57124362
661.7,1.57032964
661.75,1.57004681
661.8,1.57008339
661.85,1.5706361
661.9,1.57114359
661.95,1.57059691
662,1.56949843
662.05,1.56830851
662.1,1.56686721
662.15,1.56544397
662.2,1.5645425
662.25,1.56391322
662.3,1.56322354
662.35,1.56168719
662.4,1.5595788
662.45,1.55766458
662.5,1.55613333
662.55,1.55528417
662.6,1.55431833
662.65,1.55279306
662.7,1.55173069
662.75,1.55053145
662.8,1.54978259
662.85,1.54952752
662.9,1.54860272
662.95,1.54686935
663,1.54468193
663.05,1.54275675
663.1,1.5399167
663.15,1.53711368
663.2,1.53234431
663.25,1.52379419
663.3,1.51528193
663.35,1.5067614
663.4,1.49872914
663.45,1.49617077
663.5,1.49690701
663.55,1.49778436
663.6,1.49983578
663.65,1.50240462
663.7,1.50418203
663.75,1.50995392
663.8,1.51896145
663.85,1.5254436
663.9,1.53148805
663.95,1.53659277
664,1.53795731
664.05,1.53879545
664.1,1.54052869
664.15,1.53984645
664.2,1.53489606
664.25,1.5280925
664.3,1.52185693
664.35,1.51698284
664.4,1.51649047
664.45,1.52022444
664.5,1.52297059
664.55,1.52301188
664.6,1.52027405
664.65,1.51540726
664.7,1.51166696
664.75,1.51378372
664.8,1.51911643
664.85,1.52484643
664.9,1.53183125
664.95,1.53508836
665,1.53497682
665.05,1.53474948
665.1,1.5354837
665.15,1.53691759
665.2,1.53896613
665.25,1.54077367
665.3,1.54140849
665.35,1.54096854
665.4,1.53953515
665.45,1.53835136
665.5,1.53729644
665.55,1.53616766
665.6,1.53597687
665.65,1.53687963
665.7,1.5380632
665.75,1.54017623
665.8,1.54167843
665.85,1.54094318
665.9,1.53889824
665.95,1.53659648
666,1.53438235
666.05,1.53358925
666.1,1.53323162
666.15,1.52936257
666.2,1.5195451
666.25,1.50752478
666.3,1.49554951
666.35,1.48561776
666.4,1.48186598
666.45,1.48411056
666.5,1.48545002
666.55,1.48573298
666.6,1.48427598
666.65,1.48121475
666.7,1.48224085
666.75,1.48954419
666.8,1.50013482
666.85,1.51349039
666.9,1.52598323
666.95,1.53241651
667,1.53547146
667.05,1.53839018
667.1,1.54141098
667.15,1.54458082
667.2,1.54831135
667.25,1.55116214
667.3,1.55310652
667.35,1.55362423
667.4,1.55296761
667.45,1.55208248
667.5,1.55121579
667.55,1.55008845
667.6,1.5466317
667.65,1.53685169
667.7,1.52385914
667.75,1.51224877
667.8,1.50212743
667.85,1.49655311
667.9,1.4965406
667.95,1.49747507
668,1.49781758
668.05,1.49784966
668.1,1.49709517
668.15,1.49871096
668.2,1.50626471
668.25,1.51665177
668.3,1.52831579
668.35,1.5395399
668.4,1.54581361
668.45,1.54761288
668.5,1.54859038
668.55,1.54936963
668.6,1.54922595
668.65,1.54822393
668.7,1.54704961
668.75,1.54605675
668.8,1.54578844
668.85,1.54681398
668.9,1.54842704
668.95,1.54980114
669,1.55044632
669.05,1.5503424
669.1,1.54979222
669.15,1.54998332
669.2,1.55102641
669.25,1.5528364
669.3,1.55558453
669.35,1.55756732
669.4,1.55794348
669.45,1.55486833
669.5,1.54929715
669.55,1.5440496
669.6,1.53965556
669.65,1.5375903
669.7,1.53808892
669.75,1.53703025
669.8,1.53426634
669.85,1.53055369
669.9,1.52636249
669.95,1.52418725
670,1.52669451
670.05,1.53174105
670.1,1.53748638
670.15,1.54399887
670.2,1.54577091
670.25,1.54390556
670.3,1.54282879
670.35,1.54134518
670.4,1.54058621
670.45,1.54174003
670.5,1.54158131
670.55,1.54042677
670.6,1.54021448
670.65,1.53917324
670.7,1.53801887
670.75,1.53903635
670.8,1.54161525
670.85,1.54555107
670.9,1.55002328
670.95,1.55350012
671,1.5554397
671.05,1.55728433
671.1,1.55586593
671.15,1.55028258
671.2,1.54313941
671.25,1.53603156
671.3,1.53041207
671.35,1.52767471
671.4,1.52685924
671.45,1.52688452
671.5,1.5262718
671.55,1.5251012
671.6,1.52045452
671.65,1.51552818
671.7,1.51572958
671.75,1.51838787
671.8,1.5231985
671.85,1.53084624
671.9,1.53575008
671.95,1.53774944
672,1.53893972
672.05,1.53890861
672.1,1.53887284
672.15,1.54274993
672.2,1.54818078
672.25,1.55319473
672.3,1.55924069
672.35,1.56141952
672.4,1.55726915
672.45,1.55226093
672.5,1.5455485
672.55,1.53716654
672.6,1.53230173
672.65,1.52943673
672.7,1.52751398
672.75,1.52921111
672.8,1.5314353
672.85,1.53176159
672.9,1.53316031
672.95,1.53613667
673,1.5377573
673.05,1.54213536
673.1,1.54747654
673.15,1.55022293
673.2,1.55231248
673.25,1.55343134
673.3,1.55236522
673.35,1.55130069
673.4,1.55177275
673.45,1.55144531
673.5,1.55091587
673.55,1.55037665
673.6,1.54961031
673.65,1.54874679
673.7,1.54916232
673.75,1.54937218
673.8,1.54709281
673.85,1.54553142
673.9,1.54372973
673.95,1.54091325
674,1.53980249
674.05,1.54001123
674.1,1.53917575
674.15,1.53752962
674.2,1.53575309
674.25,1.53367895
674.3,1.53278408
674.35,1.53438311
674.4,1.53631072
674.45,1.53733636
674.5,1.53914016
674.55,1.53910667
674.6,1.5375665
674.65,1.5367667
674.7,1.53707915
674.75,1.53727192
674.8,1.53766419
674.85,1.53635687
674.9,1.53042523
674.95,1.52546008
675,1.52044024
675.05,1.51533043
675.1,1.51268116
675.15,1.5107908
675.2,1.50806687
675.25,1.50623586
675.3,1.50512355
675.35,1.50487524
675.4,1.50831477
675.45,1.51448689
675.5,1.52029765
675.55,1.52654334
675.6,1.53185659
675.65,1.53520724
675.7,1.53827809
675.75,1.54149328
675.8,1.54496477
675.85,1.54722597
675.9,1.54757383
675.95,1.54586596
676,1.54364686
676.05,1.54161214
676.1,1.53997981
676.15,1.53968797
676.2,1.54039098
676.25,1.54097625
676.3,1.54122084
676.35,1.54023057
676.4,1.53699334
676.45,1.53389845
676.5,1.53201975
676.55,1.53003548
676.6,1.52681323
676.65,1.52244445
676.7,1.51848973
676.75,1.51405649
676.8,1.51027182
676.85,1.50925219
676.9,1.50897507
676.95,1.50829672
677,1.5083727
677.05,1.50733437
677.1,1.50341986
677.15,1.504053
677.2,1.50661345
677.25,1.50936649
677.3,1.51496206
677.35,1.51996453
677.4,1.52064939
677.45,1.52100739
677.5,1.52237396
677.55,1.52283363
677.6,1.52465342
677.65,1.52834418
677.7,1.53044934
677.75,1.53199354
677.8,1.53352215
677.85,1.53307214
677.9,1.53228657
677.95,1.53238671
678,1.53259219
678.05,1.53232771
678.1,1.53189414
678.15,1.52998432
678.2,1.52485316
678.25,1.5208999
678.3,1.51747985
678.35,1.51400036
678.4,1.51168537
678.45,1.51014687
678.5,1.50738263
678.55,1.50317714
678.6,1.49940084
678.65,1.49601036
678.7,1.49519317
678.75,1.49724198
678.8,1.50094997
678.85,1.50391439
678.9,1.50624514
678.95,1.50605518
679,1.50553416
679.05,1.50560479
679.1,1.50670091
679.15,1.50717198
679.2,1.50479288
679.25,1.50163651
679.3,1.49751068
679.35,1.49305135
679.4,1.48980221
679.45,1.48797881
679.5,1.48481067
679.55,1.48266858
679.6,1.48088227
679.65,1.47913138
679.7,1.47857864
679.75,1.47808572
679.8,1.47776146
679.85,1.47811528
679.9,1.47842874
679.95,1.47765686
680,1.48002534
680.05,1.48258025
680.1,1.48563327
680.15,1.48911696
680.2,1.49100497
680.25,1.49084494
680.3,1.49165203
680.35,1.49318798
680.4,1.49544034
680.45,1.49886309
680.5,1.4996882
680.55,1.49391158
680.6,1.48959571
680.65,1.4856043
680.7,1.48193937
680.75,1.48217838
680.8,1.48557375
680.85,1.48565868
680.9,1.484387
680.95,1.48373906
681,1.48125
681.05,1.48241836
681.1,1.48984038
681.15,1.49751935
681.2,1.50447175
681.25,1.51149134
681.3,1.51124093
681.35,1.50627414
681.4,1.50476122
681.45,1.50480289
681.5,1.50464986
681.55,1.506751
681.6,1.50803375
681.65,1.50638302
681.7,1.50411256
681.75,1.50261073
681.8,1.50067884
681.85,1.50079794
681.9,1.50037976
681.95,1.50028591
682,1.49928937
682.05,1.49885361
682.1,1.49731355
682.15,1.49593101
682.2,1.49459065
682.25,1.49353628
682.3,1.49248844
682.35,1.4909969
682.4,1.49115093
682.45,1.49196104
682.5,1.49402015
682.55,1.49644346
682.6,1.49883563
682.65,1.49837315
682.7,1.49590676
682.75,1.4906857
682.8,1.48636554
682.85,1.48301028
682.9,1.48069328
682.95,1.48107408
683,1.48240723
683.05,1.48310998
683.1,1.48332869
683.15,1.48355157
683.2,1.48204909
683.25,1.48434883
683.3,1.48849627
683.35,1.49334579
683.4,1.49948058
683.45,1.50550853
683.5,1.50763123
683.55,1.507614
683.6,1.50715234
683.65,1.50694083
683.7,1.50742554
683.75,1.50892012
683.8,1.51086003
683.85,1.51035439
683.9,1.50954895
683.95,1.50469923
684,1.49499923
684.05,1.48686402
684.1,1.4804414
684.15,1.4731918
684.2,1.46782521
684.25,1.46340035
684.3,1.45901994
684.35,1.45581829
684.4,1.45442756
684.45,1.45536465
684.5,1.46001187
684.55,1.46823645
684.6,1.47531866
684.65,1.48428259
684.7,1.49382727
684.75,1.50243193
684.8,1.51037539
684.85,1.51779527
684.9,1.523436
684.95,1.5275072
685,1.52703233
685.05,1.52408056
685.1,1.52085307
685.15,1.51802141
685.2,1.51573213
685.25,1.51487914
685.3,1.51355614
685.35,1.50800582
685.4,1.49991869
685.45,1.48983904
685.5,1.48039088
685.55,1.47491663
685.6,1.47449827
685.65,1.47509492
685.7,1.47498793
685.75,1.47494952
685.8,1.47324146
685.85,1.47205015
685.9,1.4749917
685.95,1.48114354
686,1.48731797
686.05,1.48891813
686.1,1.4882479
686.15,1.48682552
686.2,1.4860124
686.25,1.48793898
686.3,1.49260345
686.35,1.49512728
686.4,1.4958813
686.45,1.49485952
686.5,1.49317794
686.55,1.49320549
686.6,1.49925152
686.65,1.50790352
686.7,1.51583376
686.75,1.52407703
686.8,1.52895958
686.85,1.52835919
686.9,1.52619875
686.95,1.52419221
687,1.52254278
687.05,1.51997561
687.1,1.51612327
687.15,1.51191268
687.2,1.50776821
687.25,1.5054084
687.3,1.50500155
687.35,1.50538505
687.4,1.50523537
687.45,1.50446244
687.5,1.50331305
687.55,1.50194026
687.6,1.50141722
687.65,1.50223552
687.7,1.5036093
687.75,1.50550166
687.8,1.50793934
687.85,1.5088125
687.9,1.50810136
687.95,1.50755523
688,1.50660148
688.05,1.50384405
688.1,1.49975297
688.15,1.49537044
688.2,1.49093266
688.25,1.48730973
688.3,1.48574244
688.35,1.48523781
688.4,1.48383472
688.45,1.48161334
688.5,1.4785616
688.55,1.47528283
688.6,1.47302576
688.65,1.47460294
688.7,1.47763707
688.75,1.48185567
688.8,1.4860006
688.85,1.48950323
688.9,1.48975089
688.95,1.4906362
689,1.49184507
689.05,1.49356786
689.1,1.49613408
689.15,1.49990447
689.2,1.50220925
689.25,1.50363054
689.3,1.50406791
689.35,1.50247856
689.4,1.4992771
689.45,1.49601949
689.5,1.49315215
689.55,1.49127684
689.6,1.49064597
689.65,1.48925258
689.7,1.48620075
689.75,1.48345059
689.8,1.48037993
689.85,1.47697602
689.9,1.47615626
689.95,1.47728068
690,1.4781108
690.05,1.47916865
690.1,1.48010846
690.15,1.4799277
690.2,1.47983894
690.25,1.4807717
690.3,1.48182165
690.35,1.48273744
690.4,1.48354014
690.45,1.48268885
690.5,1.48026988
690.55,1.47766624
690.6,1.47555581
690.65,1.47434309
690.7,1.47415231
690.75,1.4748801
690.8,1.47603921
690.85,1.47679231
690.9,1.47768704
690.95,1.47872413
691,1.47920073
691.05,1.47963202
691.1,1.48100339
691.15,1.48191628
691.2,1.4826674
691.25,1.48286438
691.3,1.47946831
691.35,1.47365867
691.4,1.46817086
691.45,1.46177877
691.5,1.45379696
691.55,1.45006048
691.6,1.44793785
691.65,1.44578814
691.7,1.44421322
691.75,1.44576893
691.8,1.44455665
691.85,1.44643493
691.9,1.44887691
691.95,1.44996427
692,1.45133806
692.05,1.45656435
692.1,1.45957039
692.15,1.46307184
692.2,1.46806521
692.25,1.47118769
692.3,1.46934454
692.35,1.46539329
692.4,1.45975169
692.45,1.45477094
692.5,1.45259247
692.55,1.45215363
692.6,1.45319591
692.65,1.45525906
692.7,1.45607883
692.75,1.45464679
692.8,1.45473566
692.85,1.45514053
692.9,1.45670101
692.95,1.45967755
693,1.46494204
693.05,1.46713049
693.1,1.46908143
693.15,1.46825874
693.2,1.4649942
693.25,1.46022276
693.3,1.45667561
693.35,1.45351814
693.4,1.45177718
693.45,1.45241897
693.5,1.45331538
693.55,1.45373004
693.6,1.45480514
693.65,1.4557611
693.7,1.45664006
693.75,1.45944533
693.8,1.46337993
693.85,1.46731208
693.9,1.4713488
693.95,1.47493337
694,1.47720268
694.05,1.47872706
694.1,1.47977736
694.15,1.47993048
694.2,1.47912643
694.25,1.47882331
694.3,1.47782291
694.35,1.47341538
694.4,1.4663792
694.45,1.46159335
694.5,1.45645686
694.55,1.451648
694.6,1.44912916
694.65,1.44942475
694.7,1.4487478
694.75,1.44872098
694.8,1.44945999
694.85,1.45077301
694.9,1.4531913
694.95,1.45629534
695,1.45886686
695.05,1.46226678
695.1,1.46650523
695.15,1.46903311
695.2,1.47072954
695.25,1.47231966
695.3,1.47394949
695.35,1.47376276
695.4,1.47283311
695.45,1.47210893
695.5,1.47239718
695.55,1.47370247
695.6,1.47625112
695.65,1.47906063
695.7,1.48214038
695.75,1.48227281
695.8,1.48080659
695.85,1.47905477
695.9,1.47727186
695.95,1.47516665
696,1.47431398
696.05,1.47513345
696.1,1.47651631
696.15,1.47750633
696.2,1.47764527
696.25,1.47775883
696.3,1.47811318
696.35,1.4780456
696.4,1.47757324
696.45,1.47852886
696.5,1.47946766
696.55,1.47928715
696.6,1.47980374
696.65,1.48054105
696.7,1.4809059
696.75,1.48154911
696.8,1.48216547
696.85,1.48175684
696.9,1.48092686
696.95,1.48062176
697,1.47981411
697.05,1.47753908
697.1,1.47711527
697.15,1.47713987
697.2,1.47604324
697.25,1.47537037
697.3,1.47606679
697.35,1.47509224
697.4,1.47359253
697.45,1.47244092
697.5,1.46864879
697.55,1.46577054
697.6,1.4654484
697.65,1.46417262
697.7,1.45823547
697.75,1.45267077
697.8,1.44663362
697.85,1.43791978
697.9,1.43148338
697.95,1.42873842
698,1.42735682
698.05,1.42738643
698.1,1.42861849
698.15,1.42928311
698.2,1.43100894
698.25,1.43607376
698.3,1.44258421
698.35,1.4496546
698.4,1.458121
698.45,1.46623247
698.5,1.47066508
698.55,1.47319779
698.6,1.47500031
698.65,1.47617221
698.7,1.47523624
698.75,1.47411565
698.8,1.4733642
698.85,1.47195677
698.9,1.47058851
698.95,1.47148
699,1.4721826
699.05,1.47274069
699.1,1.47320276
699.15,1.47279721
699.2,1.47139541
699.25,1.47222711
699.3,1.47342193
699.35,1.47498578
699.4,1.47798209
699.45,1.48148932
699.5,1.48252093
699.55,1.48321148
699.6,1.4837863
699.65,1.48378879
699.7,1.48408765
699.75,1.48343063
699.8,1.48137068
699.85,1.47570246
699.9,1.46958652
699.95,1.46336517
700,1.45774059
700.05,1.45410863
700.1,1.45384758
700.15,1.45300699
700.2,1.45004935
700.25,1.4465491
700.3,1.44196974
700.35,1.43657828
700.4,1.43433044
700.45,1.43504664
700.5,1.437507
700.55,1.44133901
700.6,1.4443108
700.65,1.44451589
700.7,1.44426411
700.75,1.44481952
700.8,1.44584794
700.85,1.44784587
700.9,1.45098053
700.95,1.45471215
701,1.45753984
701.05,1.45893796
701.1,1.45697065
701.15,1.45577674
701.2,1.45512852
701.25,1.45422591
701.3,1.4543645
701.35,1.45645935
701.4,1.45737032
701.45,1.45121209
701.5,1.44081552
701.55,1.43082858
701.6,1.419708
701.65,1.41251031
701.7,1.41290342
701.75,1.41704207
701.8,1.42064648
701.85,1.42714566
701.9,1.42892256
701.95,1.42638298
702,1.42703414
702.05,1.43316064
702.1,1.43956175
702.15,1.44409359
702.2,1.45281271
702.25,1.45546468
702.3,1.45091809
702.35,1.44691651
702.4,1.44425211
702.45,1.43995619
702.5,1.43765537
702.55,1.43688318
702.6,1.43522055
702.65,1.43220987
702.7,1.43145604
702.75,1.43089781
702.8,1.43304513
702.85,1.43831488
702.9,1.44530884
702.95,1.44943129
703,1.45408381
703.05,1.45676887
703.1,1.45691205
703.15,1.45652823
703.2,1.4570399
703.25,1.4583406
703.3,1.45926049
703.35,1.45855501
703.4,1.45901851
703.45,1.45999514
703.5,1.46111448
703.55,1.46280112
703.6,1.46507718
703.65,1.46349958
703.7,1.45801227
703.75,1.45121115
703.8,1.44444276
703.85,1.43963292
703.9,1.44020085
703.95,1.44426723
704,1.44812916
704.05,1.45165196
704.1,1.45362354
704.15,1.45230385
704.2,1.45165168
704.25,1.45462766
704.3,1.45843502
704.35,1.46202798
704.4,1.46703247
704.45,1.47077139
704.5,1.47093356
704.55,1.47069027
704.6,1.47095026
704.65,1.47080057
704.7,1.47065635
704.75,1.4704463
704.8,1.4695306
704.85,1.46946022
704.9,1.47065802
704.95,1.47216231
705,1.47370314
705.05,1.47497473
705.1,1.47333541
705.15,1.47012747
705.2,1.46686003
705.25,1.4633854
705.3,1.46066392
705.35,1.45965401
705.4,1.45760072
705.45,1.45378891
705.5,1.45047405
705.55,1.44727078
705.6,1.4437844
705.65,1.44221239
705.7,1.44315345
705.75,1.44451174
705.8,1.44596082
705.85,1.44611585
705.9,1.44429775
705.95,1.44197658
706,1.44129551
706.05,1.44143489
706.1,1.44300772
706.15,1.44535135
706.2,1.44790622
706.25,1.44905367
706.3,1.44953788
706.35,1.44964705
706.4,1.45149747
706.45,1.45363261
706.5,1.45606969
706.55,1.45861972
706.6,1.46064442
706.65,1.45677438
706.7,1.44978612
706.75,1.44287265
706.8,1.4343297
706.85,1.42696995
706.9,1.42594955
706.95,1.42512773
707,1.42197809
707.05,1.42028446
707.1,1.41880865
707.15,1.41535415
707.2,1.41552178
707.25,1.42338909
707.3,1.43275663
707.35,1.44389395
707.4,1.45452081
707.45,1.46095566
707.5,1.46395691
707.55,1.46673394
707.6,1.46842931
707.65,1.46999494
707.7,1.47194425
707.75,1.47371937
707.8,1.4741797
707.85,1.47390953
707.9,1.47285359
707.95,1.47134514
708,1.46984014
708.05,1.46845874
708.1,1.46692712
708.15,1.46459247
708.2,1.4612475
708.25,1.45651158
708.3,1.44937854
708.35,1.44037048
708.4,1.4315201
708.45,1.42359802
708.5,1.41641962
708.55,1.41117795
708.6,1.40794012
708.65,1.40577155
708.7,1.40455161
708.75,1.40476339
708.8,1.40574683
708.85,1.40651973
708.9,1.40753241
708.95,1.40828954
709,1.40801549
709.05,1.40768129
709.1,1.40781216
709.15,1.40747945
709.2,1.40665491
709.25,1.40604092
709.3,1.40525868
709.35,1.40450742
709.4,1.40572507
709.45,1.40862088
709.5,1.41171278
709.55,1.41490852
709.6,1.41820422
709.65,1.42003452
709.7,1.42042452
709.75,1.42058419
709.8,1.42071442
709.85,1.42085076
709.9,1.42166103
709.95,1.42317851
710,1.42481383
710.05,1.42663121
710.1,1.42884592
710.15,1.43043472
710.2,1.43099915
710.25,1.43164454
710.3,1.43257915
710.35,1.43327954
710.4,1.43367322
710.45,1.43401768
710.5,1.43414193
710.55,1.43358046
710.6,1.43206803
710.65,1.4302777
710.7,1.42858823
710.75,1.42693675
710.8,1.42577121
710.85,1.42536267
710.9,1.42461678
710.95,1.42267437
711,1.41990753
711.05,1.41619511
711.1,1.4123603
711.15,1.40911016
711.2,1.40664057
711.25,1.40456384
711.3,1.40276993
711.35,1.40043788
711.4,1.39760878
711.45,1.39568092
711.5,1.39497546
711.55,1.39516313
711.6,1.39684523
711.65,1.39934728
711.7,1.40244837
711.75,1.40498414
711.8,1.40690864
711.85,1.40847992
711.9,1.41064462
711.95,1.41231159
712,1.41255059
712.05,1.40927479
712.1,1.40494746
712.15,1.40039129
712.2,1.39648128
712.25,1.39332747
712.3,1.39390121
712.35,1.39464458
712.4,1.39474872
712.45,1.39380135
712.5,1.39230892
712.55,1.39184174
712.6,1.39530375
712.65,1.39986625
712.7,1.4047657
712.75,1.4096112
712.8,1.41286614
712.85,1.4120522
712.9,1.40802205
712.95,1.40211521
713,1.39642207
713.05,1.39140318
713.1,1.38664888
713.15,1.38249154
713.2,1.37947278
713.25,1.37682213
713.3,1.37470993
713.35,1.37375541
713.4,1.37441093
713.45,1.37789783
713.5,1.38354866
713.55,1.38937794
713.6,1.39504226
713.65,1.40091411
713.7,1.40567994
713.75,1.40853245
713.8,1.41039579
713.85,1.41165265
713.9,1.41189712
713.95,1.41135493
714,1.41066812
714.05,1.40966341
714.1,1.40860132
714.15,1.40821155
714.2,1.4073907
714.25,1.40621363
714.3,1.40569259
714.35,1.40620049
714.4,1.40625434
714.45,1.40584075
714.5,1.40525601
714.55,1.40402032
714.6,1.40094215
714.65,1.39353417
714.7,1.38333831
714.75,1.37303505
714.8,1.3629026
714.85,1.35366309
714.9,1.35010704
714.95,1.35107891
715,1.3499377
715.05,1.34679378
715.1,1.34308076
715.15,1.34210709
715.2,1.34746523
715.25,1.35785073
715.3,1.36964531
715.35,1.38149617
715.4,1.38891915
715.45,1.38858179
715.5,1.38563462
715.55,1.38449849
715.6,1.38442594
715.65,1.38562035
715.7,1.38787732
715.75,1.38934098
715.8,1.38839204
715.85,1.38591263
715.9,1.38379478
715.95,1.38355326
716,1.38607954
716.05,1.38995511
716.1,1.39372305
716.15,1.39707677
716.2,1.39872851
716.25,1.39659029
716.3,1.38998017
716.35,1.38067117
716.4,1.36961822
716.45,1.35809515
716.5,1.34862324
716.55,1.34403799
716.6,1.34317061
716.65,1.34512391
716.7,1.34769647
716.75,1.35010498
716.8,1.35487623
716.85,1.3642015
716.9,1.37569434
716.95,1.38867952
717,1.40185635
717.05,1.41315125
717.1,1.41959256
717.15,1.42364238
717.2,1.42523116
717.25,1.42605381
717.3,1.42644748
717.35,1.42642646
717.4,1.42495612
717.45,1.42274243
717.5,1.41936573
717.55,1.41488541
717.6,1.41026189
717.65,1.40672574
717.7,1.4039586
717.75,1.40180568
717.8,1.39928249
717.85,1.3955259
717.9,1.39100021
717.95,1.38549568
718,1.37831176
718.05,1.37150771
718.1,1.3674655
718.15,1.36515243
718.2,1.36402603
718.25,1.36453089
718.3,1.36586849
718.35,1.36646739
718.4,1.36750023
718.45,1.36874519
718.5,1.37079401
718.55,1.37260713
718.6,1.37265447
718.65,1.37068053
718.7,1.36794133
718.75,1.36149852
718.8,1.35404551
718.85,1.34756455
718.9,1.34172701
718.95,1.33634248
719,1.33175449
719.05,1.32978248
719.1,1.33263198
719.15,1.33684795
719.2,1.33940678
719.25,1.34280003
719.3,1.34728183
719.35,1.34964171
719.4,1.3509768
719.45,1.35385696
719.5,1.3562387
719.55,1.35625608
719.6,1.35496842
719.65,1.35316244
719.7,1.35240425
719.75,1.35529223
719.8,1.36166716
719.85,1.36991261
719.9,1.37859302
719.95,1.38557752
720,1.38870044
720.05,1.38904504
720.1,1.3899184
720.15,1.39049557
720.2,1.39125594
720.25,1.39310856
720.3,1.39635226
720.35,1.3983186
720.4,1.39951639
720.45,1.40026641
720.5,1.39896958
720.55,1.39247186
720.6,1.3834443
720.65,1.37463011
720.7,1.3661778
720.75,1.35721587
720.8,1.35015729
720.85,1.34584059
720.9,1.34186616
720.95,1.33736692
721,1.33327301
721.05,1.33142547
721.1,1.33432028
721.15,1.34212476
721.2,1.35103307
721.25,1.36017061
721.3,1.36975742
721.35,1.37696903
721.4,1.37850469
721.45,1.37812945
721.5,1.37739508
721.55,1.37632993
721.6,1.37485009
721.65,1.37387363
721.7,1.37354482
721.75,1.37541535
721.8,1.37713834
721.85,1.37804722
721.9,1.37804187
721.95,1.37752044
722,1.37705134
722.05,1.37671461
722.1,1.37505586
722.15,1.37032331
722.2,1.36300568
722.25,1.3546078
722.3,1.34631556
722.35,1.3402863
722.4,1.33787501
722.45,1.33817301
722.5,1.34034302
722.55,1.34353807
722.6,1.3456302
722.65,1.34704278
722.7,1.3497609
722.75,1.35538213
722.8,1.36173752
722.85,1.3695447
722.9,1.37680483
722.95,1.38191766
723,1.38505433
723.05,1.38672042
723.1,1.38756925
723.15,1.3886434
723.2,1.38964936
723.25,1.39005965
723.3,1.39021249
723.35,1.38984418
723.4,1.38803213
723.45,1.38496217
723.5,1.38156522
723.55,1.37789884
723.6,1.37426121
723.65,1.37228336
723.7,1.3716436
723.75,1.37098963
723.8,1.36890651
723.85,1.36545159
723.9,1.36256382
723.95,1.36099312
724,1.36038872
724.05,1.36126402
724.1,1.36357385
724.15,1.36582982
724.2,1.36680945
724.25,1.36629974
724.3,1.36440476
724.35,1.36192552
724.4,1.35970919
724.45,1.35791005
724.5,1.3566102
724.55,1.35626722
724.6,1.35679204
724.65,1.35724909
724.7,1.35744353
724.75,1.35752634
724.8,1.35714038
724.85,1.35729654
724.9,1.35760351
724.95,1.35725173
725,1.35648536
725.05,1.35559537
725.1,1.35398694
725.15,1.3518487
725.2,1.34991773
725.25,1.34813387
725.3,1.34653941
725.35,1.34481709
725.4,1.34370046
725.45,1.34418317
725.5,1.34651667
725.55,1.35077968
725.6,1.35646825
725.65,1.36248047
725.7,1.36730619
725.75,1.37037358
725.8,1.37230216
725.85,1.37326417
725.9,1.37390637
725.95,1.37229557
726,1.36660139
726.05,1.35922271
726.1,1.35217876
726.15,1.34529509
726.2,1.33982854
726.25,1.33802678
726.3,1.33884998
726.35,1.33994716
726.4,1.34031919
726.45,1.34038618
726.5,1.34202225
726.55,1.34700341
726.6,1.3543103
726.65,1.36202651
726.7,1.36978452
726.75,1.37614267
726.8,1.37875032
726.85,1.37833224
726.9,1.37753544
726.95,1.37721031
727,1.37701205
727.05,1.3764006
727.1,1.37539037
727.15,1.37420876
727.2,1.37318278
727.25,1.37247491
727.3,1.37179203
727.35,1.37026838
727.4,1.36757976
727.45,1.36441755
727.5,1.36130433
727.55,1.35837514
727.6,1.35634538
727.65,1.35568868
727.7,1.35504542
727.75,1.3533362
727.8,1.35146922
727.85,1.34923862
727.9,1.34836483
727.95,1.34986253
728,1.35258056
728.05,1.35457596
728.1,1.35520922
728.15,1.35421706
728.2,1.3520786
728.25,1.34954603
728.3,1.34612011
728.35,1.34141604
728.4,1.33687478
728.45,1.33304932
728.5,1.32868086
728.55,1.32459624
728.6,1.32412468
728.65,1.32712488
728.7,1.32740575
728.75,1.32197711
728.8,1.31367063
728.85,1.3071271
728.9,1.30182211
728.95,1.29736213
729,1.29630154
729.05,1.29878772
729.1,1.29951159
729.15,1.29460696
729.2,1.28767213
729.25,1.28485174
729.3,1.2873042
729.35,1.29211812
729.4,1.29979989
729.45,1.31174234
729.5,1.32420315
729.55,1.33248769
729.6,1.33648757
729.65,1.34094386
729.7,1.3463844
729.75,1.35070793
729.8,1.35327244
729.85,1.35552149
729.9,1.35724879
729.95,1.35737903
730,1.35615096
730.05,1.35446678
730.1,1.35262952
730.15,1.35071837
730.2,1.34944868
730.25,1.34889438
730.3,1.3503132
730.35,1.35225295
730.4,1.35533872
730.45,1.35791347
730.5,1.35892868
730.55,1.35894547
730.6,1.35654095
730.65,1.35085183
730.7,1.34423116
730.75,1.33868784
730.8,1.33391727
730.85,1.32995679
730.9,1.32752993
730.95,1.32457931
731,1.31925861
731.05,1.31494143
731.1,1.31058227
731.15,1.31015886
731.2,1.3157318
731.25,1.32326027
731.3,1.32981946
731.35,1.3365209
731.4,1.3410492
731.45,1.34360681
731.5,1.34667814
731.55,1.35089351
731.6,1.35508628
731.65,1.35908498
731.7,1.36297842
731.75,1.36448273
731.8,1.36359961
731.85,1.36201583
731.9,1.35817435
731.95,1.35210469
732,1.34682861
732.05,1.34168954
732.1,1.33714129
732.15,1.33512227
732.2,1.33627073
732.25,1.33839905
732.3,1.33984362
732.35,1.34036861
732.4,1.33921498
732.45,1.33642346
732.5,1.33245412
732.55,1.32927047
732.6,1.32634899
732.65,1.32454312
732.7,1.32412498
732.75,1.32479403
732.8,1.32467329
732.85,1.32365171
732.9,1.32110761
732.95,1.31913682
733,1.32043178
733.05,1.32468398
733.1,1.32977845
733.15,1.33547924
733.2,1.34157229
733.25,1.34386746
733.3,1.34252344
733.35,1.34056884
733.4,1.33855303
733.45,1.33856456
733.5,1.34108438
733.55,1.34414996
733.6,1.34702826
733.65,1.34946208
733.7,1.35151949
733.75,1.35323128
733.8,1.35432912
733.85,1.35497531
733.9,1.35584581
733.95,1.35705761
734,1.35720909
734.05,1.35666793
734.1,1.35659007
734.15,1.35641864
734.2,1.35583581
734.25,1.35445206
734.3,1.35274726
734.35,1.35125522
734.4,1.35003175
734.45,1.34899575
734.5,1.34833955
734.55,1.34815467
734.6,1.34781615
734.65,1.34687869
734.7,1.34534228
734.75,1.34375005
734.8,1.34279952
734.85,1.3426079
734.9,1.34267036
734.95,1.34203081
735,1.34050733
735.05,1.33882497
735.1,1.33713739
735.15,1.33504613
735.2,1.33297048
735.25,1.33190636
735.3,1.33147877
735.35,1.32913259
735.4,1.32454521
735.45,1.3183952
735.5,1.31418533
735.55,1.31165046
735.6,1.31032303
735.65,1.31028558
735.7,1.3123958
735.75,1.315212
735.8,1.31688602
735.85,1.31805964
735.9,1.32021087
735.95,1.32469581
736,1.328964
736.05,1.33160364
736.1,1.33313604
736.15,1.3346878
736.2,1.33359935
736.25,1.3300436
736.3,1.32669425
736.35,1.32457471
736.4,1.3228488
736.45,1.32091897
736.5,1.31958654
736.55,1.31999519
736.6,1.32203065
736.65,1.32500455
736.7,1.32751428
736.75,1.33214871
736.8,1.33786282
736.85,1.34195297
736.9,1.34373799
736.95,1.34477232
737,1.34540068
737.05,1.34528908
737.1,1.34457791
737.15,1.34338256
737.2,1.34174636
737.25,1.34051571
737.3,1.3389136
737.35,1.33693935
737.4,1.33540157
737.45,1.33463407
737.5,1.33377196
737.55,1.33260038
737.6,1.33113324
737.65,1.32987387
737.7,1.3287251
737.75,1.32686067
737.8,1.32449418
737.85,1.32310919
737.9,1.32379357
737.95,1.32443101
738,1.32523686
738.05,1.32615863
738.1,1.32629751
738.15,1.32508579
738.2,1.32305273
738.25,1.32146816
738.3,1.32075427
738.35,1.32017271
738.4,1.31898032
738.45,1.31641626
738.5,1.31082108
738.55,1.30428732
738.6,1.2963242
738.65,1.28911775
738.7,1.28476668
738.75,1.28140089
738.8,1.27485891
738.85,1.26801997
738.9,1.26347963
738.95,1.25993036
739,1.25902726
739.05,1.26313495
739.1,1.27155799
739.15,1.2792022
739.2,1.28536085
739.25,1.28676676
739.3,1.28894474
739.35,1.29337121
739.4,1.29794909
739.45,1.30249196
739.5,1.30832202
739.55,1.31397454
739.6,1.31548721
739.65,1.31398864
739.7,1.31258873
739.75,1.31441962
739.8,1.31813645
739.85,1.32048898
739.9,1.32134172
739.95,1.32062689
740,1.31708166
740.05,1.31165506
740.1,1.30692296
740.15,1.30422769
740.2,1.30360501
740.25,1.30464552
740.3,1.3069915
740.35,1.30774113
740.4,1.30816494
740.45,1.30778089
740.5,1.30916351
740.55,1.31256178
740.6,1.31724402
740.65,1.32224135
740.7,1.32596831
740.75,1.32591086
740.8,1.31891554
740.85,1.31114676
740.9,1.30090195
740.95,1.29028988
741,1.28285159
741.05,1.28080799
741.1,1.28023366
741.15,1.2797242
741.2,1.27917361
741.25,1.27904518
741.3,1.2813693
741.35,1.28307025
741.4,1.28159674
741.45,1.27906323
741.5,1.28257441
741.55,1.28546333
741.6,1.28666631
741.65,1.28740601
741.7,1.28782405
741.75,1.28631577
741.8,1.28226067
741.85,1.27793228
741.9,1.2755229
741.95,1.27834426
742,1.28556122
742.05,1.29038489
742.1,1.29128729
742.15,1.28888977
742.2,1.28315024
742.25,1.27642186
742.3,1.27094906
742.35,1.26768894
742.4,1.26759048
742.45,1.26960004
742.5,1.2726774
742.55,1.27321125
742.6,1.27648387
742.65,1.28073586
742.7,1.28785391
742.75,1.29735971
742.8,1.30820326
742.85,1.31836082
742.9,1.3255695
742.95,1.33011614
743,1.3311632
743.05,1.32946114
743.1,1.3263062
743.15,1.32331785
743.2,1.32135341
743.25,1.31976861
743.3,1.31823323
743.35,1.31656184
743.4,1.31504498
743.45,1.31463749
743.5,1.31551319
743.55,1.31780016
743.6,1.32058561
743.65,1.32380707
743.7,1.32663541
743.75,1.32866592
743.8,1.33007077
743.85,1.3307124
743.9,1.33022491
743.95,1.3283817
744,1.32540881
744.05,1.32238016
744.1,1.31802711
744.15,1.31288354
744.2,1.30981106
744.25,1.30802243
744.3,1.30597974
744.35,1.30234312
744.4,1.2966187
744.45,1.29009277
744.5,1.28477189
744.55,1.27970856
744.6,1.27405034
744.65,1.27384794
744.7,1.27828892
744.75,1.28088006
744.8,1.28117047
744.85,1.28081013
744.9,1.28159243
744.95,1.28446135
745,1.28876064
745.05,1.29328113
745.1,1.29942888
745.15,1.3071195
745.2,1.31065942
745.25,1.31107024
745.3,1.31157517
745.35,1.31263604
745.4,1.3139808
745.45,1.31584349
745.5,1.31814332
745.55,1.32051377
745.6,1.32177762
745.65,1.32231116
745.7,1.32274345
745.75,1.3238112
745.8,1.32542645
745.85,1.3271733
745.9,1.32875883
745.95,1.32956759
746,1.32800811
746.05,1.32255826
746.1,1.31414275
746.15,1.30672988
746.2,1.29980407
746.25,1.29408691
746.3,1.2908912
746.35,1.29069013
746.4,1.29154983
746.45,1.2915547
746.5,1.29133238
746.55,1.29151002
746.6,1.29536889
746.65,1.30104257
746.7,1.30709079
746.75,1.31327908
746.8,1.3195429
746.85,1.32395191
746.9,1.32551869
746.95,1.32552036
747,1.32502497
747.05,1.32419054
747.1,1.32305689
747.15,1.32081599
747.2,1.31727529
747.25,1.31419491
747.3,1.31198191
747.35,1.3100033
747.4,1.30797294
747.45,1.30624466
747.5,1.30478361
747.55,1.30317383
747.6,1.30159851
747.65,1.29987375
747.7,1.29974307
747.75,1.3013906
747.8,1.30340892
747.85,1.30531679
747.9,1.30760763
747.95,1.3098313
748,1.311262
748.05,1.31205902
748.1,1.31304195
748.15,1.31330299
748.2,1.31275
748.25,1.31114838
748.3,1.30922432
748.35,1.30767637
748.4,1.30607326
748.45,1.304778
748.5,1.30461401
748.55,1.30542934
748.6,1.30640292
748.65,1.30733466
748.7,1.30877602
748.75,1.31094471
748.8,1.31322407
748.85,1.31489683
748.9,1.3163307
748.95,1.31719065
749,1.31519086
749.05,1.31206808
749.1,1.30899471
749.15,1.30563675
749.2,1.30221768
749.25,1.29900876
749.3,1.29497848
749.35,1.28803409
749.4,1.27879254
749.45,1.26986439
749.5,1.26282736
749.55,1.25912141
749.6,1.2593572
749.65,1.26230978
749.7,1.26551784
749.75,1.26713029
749.8,1.26726785
749.85,1.26724731
749.9,1.2710174
749.95,1.27700487
750,1.28449451
750.05,1.29275661
750.1,1.30027269
750.15,1.30497311
750.2,1.30647802
750.25,1.30751369
750.3,1.30904738
750.35,1.30979058
750.4,1.31025836
750.45,1.31035517
750.5,1.30995052
750.55,1.3089674
750.6,1.30792382
750.65,1.30749669
750.7,1.30748769
750.75,1.30789142
750.8,1.30745696
750.85,1.3066809
750.9,1.30262341
750.95,1.29415252
751,1.28463601
751.05,1.27642062
751.1,1.26851354
751.15,1.26156098
751.2,1.25821639
751.25,1.25998603
751.3,1.26031599
751.35,1.25901062
751.4,1.25577108
751.45,1.2543259
751.5,1.257696
751.55,1.26399252
751.6,1.27138889
751.65,1.27985104
751.7,1.29040284
751.75,1.29615597
751.8,1.29821479
751.85,1.29843721
751.9,1.29822561
751.95,1.29836986
752,1.29938931
752.05,1.30143091
752.1,1.30105785
752.15,1.29749252
752.2,1.29389413
752.25,1.29025854
752.3,1.28573981
752.35,1.28014987
752.4,1.27516495
752.45,1.2736621
752.5,1.27151459
752.55,1.26876539
752.6,1.26645137
752.65,1.26865903
752.7,1.27345828
752.75,1.27883774
752.8,1.28398203
752.85,1.28896433
752.9,1.29642257
752.95,1.2987562
753,1.29801814
753.05,1.29730777
753.1,1.29742592
753.15,1.29678831
753.2,1.29517465
753.25,1.29405004
753.3,1.29324728
753.35,1.2918699
753.4,1.28997341
753.45,1.2891918
753.5,1.2900524
753.55,1.29190806
753.6,1.29401137
753.65,1.29624991
753.7,1.29890392
753.75,1.30106445
753.8,1.30129159
753.85,1.3009417
753.9,1.30093851
753.95,1.30103082
754,1.30060552
754.05,1.29965739
754.1,1.29875056
754.15,1.29777945
754.2,1.29665576
754.25,1.29560358
754.3,1.29497534
754.35,1.29445587
754.4,1.29400314
754.45,1.29355994
754.5,1.29297687
754.55,1.29229139
754.6,1.29106167
754.65,1.28941697
754.7,1.28796472
754.75,1.28689936
754.8,1.28645503
754.85,1.28683871
754.9,1.287972
754.95,1.28930184
755,1.29022643
755.05,1.29076958
755.1,1.29102896
755.15,1.29159579
755.2,1.29251139
755.25,1.29364085
755.3,1.29460626
755.35,1.29447626
755.4,1.29172771
755.45,1.28858972
755.5,1.28568111
755.55,1.28246535
755.6,1.27964745
755.65,1.27882344
755.7,1.28014278
755.75,1.28119486
755.8,1.28059183
755.85,1.2775658
755.9,1.27549905
755.95,1.27500283
756,1.27545833
756.05,1.27634581
756.1,1.27824937
756.15,1.28216355
756.2,1.28552536
756.25,1.28624777
756.3,1.28557372
756.35,1.28505809
756.4,1.28600628
756.45,1.28847694
756.5,1.29181397
756.55,1.29550939
756.6,1.29977213
756.65,1.30387794
756.7,1.30440436
756.75,1.30078293
756.8,1.29596046
756.85,1.29203554
756.9,1.28905406
756.95,1.28649399
757,1.28531685
757.05,1.28716705
757.1,1.28848576
757.15,1.28849182
757.2,1.28657126
757.25,1.28373852
757.3,1.28205016
757.35,1.28242045
757.4,1.28301683
757.45,1.28433775
757.5,1.28745073
757.55,1.29011743
757.6,1.29048782
757.65,1.28870679
757.7,1.28634581
757.75,1.283505
757.8,1.28313142
757.85,1.28406827
757.9,1.28618426
757.95,1.28885135
758,1.29166137
758.05,1.29343504
758.1,1.29266723
758.15,1.29146345
758.2,1.28806713
758.25,1.28241718
758.3,1.27760833
758.35,1.27339405
758.4,1.2680326
758.45,1.26114445
758.5,1.25538721
758.55,1.25245065
758.6,1.24883454
758.65,1.24477419
758.7,1.24212137
758.75,1.24270198
758.8,1.24592767
758.85,1.24942605
758.9,1.25198
758.95,1.25717695
759,1.26444395
759.05,1.26955242
759.1,1.27296252
759.15,1.2763557
759.2,1.28010851
759.25,1.28235883
759.3,1.28222363
759.35,1.28078069
759.4,1.27980222
759.45,1.27862407
759.5,1.27730857
759.55,1.27629378
759.6,1.27593352
759.65,1.27616397
759.7,1.27573721
759.75,1.27546561
759.8,1.27568021
759.85,1.27631442
759.9,1.27690548
759.95,1.2772529
760,1.2775972
760.05,1.27704766
760.1,1.2745213
760.15,1.27206341
760.2,1.27005116
760.25,1.26821669
760.3,1.2663888
760.35,1.26466897
760.4,1.26307954
760.45,1.2615749
760.5,1.25884785
760.55,1.25602909
760.6,1.25484389
760.65,1.25592639
760.7,1.25834662
760.75,1.26022395
760.8,1.2621558
760.85,1.2623671
760.9,1.2612496
760.95,1.25953527
761,1.2581012
761.05,1.25745163
761.1,1.25770519
761.15,1.25958651
761.2,1.26090628
761.25,1.26158094
761.3,1.26099909
761.35,1.25981987
761.4,1.25939238
761.45,1.26023653
761.5,1.259949
761.55,1.25549204
761.6,1.25240899
761.65,1.24878983
761.7,1.24403858
761.75,1.23776223
761.8,1.23107165
761.85,1.22754957
761.9,1.22072186
761.95,1.21572271
762,1.21104236
762.05,1.2110913
762.1,1.21524665
762.15,1.22129392
762.2,1.2297371
762.25,1.23643764
762.3,1.24672149
762.35,1.25162611
762.4,1.25455428
762.45,1.25764675
762.5,1.26154317
762.55,1.26581474
762.6,1.26742711
762.65,1.26938129
762.7,1.27057861
762.75,1.27033272
762.8,1.26911259
762.85,1.26744006
762.9,1.26567623
762.95,1.26563003
763,1.26617104
763.05,1.26682843
763.1,1.26761622
763.15,1.26866039
763.2,1.26919984
763.25,1.26822665
763.3,1.26731058
763.35,1.26662571
763.4,1.26597404
763.45,1.26546618
763.5,1.2651439
763.55,1.26487126
763.6,1.2644464
763.65,1.26394859
763.7,1.26354467
763.75,1.26324178
763.8,1.26284642
763.85,1.26200318
763.9,1.26085878
763.95,1.25989646
764,1.25891226
764.05,1.25782529
764.1,1.25692227
764.15,1.25673025
764.2,1.25691662
764.25,1.25714817
764.3,1.25735189
764.35,1.25727233
764.4,1.25776159
764.45,1.25832558
764.5,1.25905982
764.55,1.25989454
764.6,1.26082841
764.65,1.26184715
764.7,1.26226986
764.75,1.2623677
764.8,1.26238365
764.85,1.26229892
764.9,1.26217104
764.95,1.26211383
765,1.2622221
765.05,1.26239294
765.1,1.26232339
765.15,1.26209362
765.2,1.2606333
765.25,1.25842218
765.3,1.25574998
765.35,1.25177866
765.4,1.24719067
765.45,1.24365649
765.5,1.24169897
765.55,1.23889306
765.6,1.23416564
765.65,1.22805508
765.7,1.2220407
765.75,1.21415067
765.8,1.20652703
765.85,1.20025475
765.9,1.19713048
765.95,1.19541202
766,1.1927277
766.05,1.19163356
766.1,1.18979751
766.15,1.19112403
766.2,1.19106082
766.25,1.1889955
766.3,1.18440583
766.35,1.17757121
766.4,1.17477569
766.45,1.16880006
766.5,1.16718621
766.55,1.17075074
766.6,1.17833796
766.65,1.18662941
766.7,1.19113688
766.75,1.19235493
766.8,1.19232151
766.85,1.19846366
766.9,1.20842798
766.95,1.22013639
767,1.23295711
767.05,1.24741574
767.1,1.25929672
767.15,1.26288433
767.2,1.26286017
767.25,1.26169729
767.3,1.2610135
767.35,1.26147971
767.4,1.26239068
767.45,1.26297526
767.5,1.26361467
767.55,1.26405237
767.6,1.26377443
767.65,1.26262358
767.7,1.26117232
767.75,1.26005923
767.8,1.25801899
767.85,1.2537746
767.9,1.24915712
767.95,1.24519945
768,1.24184009
768.05,1.23849539
768.1,1.23587045
768.15,1.23564885
768.2,1.23547918
768.25,1.23473555
768.3,1.23327637
768.35,1.23146342
768.4,1.23253658
768.45,1.23467754
768.5,1.23681527
768.55,1.23904937
768.6,1.24175056
768.65,1.24434762
768.7,1.24421127
768.75,1.24255988
768.8,1.24112371
768.85,1.23991455
768.9,1.23884222
768.95,1.23692769
769,1.23307666
769.05,1.2301952
769.1,1.2273378
769.15,1.22437135
769.2,1.22214977
769.25,1.22225793
769.3,1.2250155
769.35,1.22713641
769.4,1.2278594
769.45,1.22777509
769.5,1.22922905
769.55,1.2320395
769.6,1.23541834
769.65,1.23893371
769.7,1.2415189
769.75,1.23969846
769.8,1.23624405
769.85,1.23100238
769.9,1.22479657
769.95,1.21917628
770,1.21528652
770.05,1.21776729
770.1,1.219066
770.15,1.21940178
770.2,1.21831831
770.25,1.21725561
770.3,1.22084608
770.35,1.22573192
770.4,1.23060079
770.45,1.23583869
770.5,1.24224815
770.55,1.24791584
770.6,1.24928628
770.65,1.24888862
770.7,1.2483825
770.75,1.24814508
770.8,1.24718822
770.85,1.24405409
770.9,1.23832928
770.95,1.2332357
771,1.22623226
771.05,1.22010558
771.1,1.21536256
771.15,1.21296694
771.2,1.21231398
771.25,1.20993891
771.3,1.20587774
771.35,1.20115958
771.4,1.19899252
771.45,1.19858829
771.5,1.19973955
771.55,1.20421523
771.6,1.21247867
771.65,1.22099888
771.7,1.22570703
771.75,1.22782513
771.8,1.22924599
771.85,1.2312453
771.9,1.23268733
771.95,1.23391132
772,1.23570634
772.05,1.23768608
772.1,1.2376202
772.15,1.23361273
772.2,1.22821607
772.25,1.22351667
772.3,1.21900827
772.35,1.21443817
772.4,1.21098945
772.45,1.20992258
772.5,1.21092214
772.55,1.21000327
772.6,1.20591177
772.65,1.20367529
772.7,1.20391279
772.75,1.20530907
772.8,1.20622701
772.85,1.20807785
772.9,1.214281
772.95,1.22001156
773,1.22360143
773.05,1.22489725
773.1,1.22520776
773.15,1.22883442
773.2,1.23145554
773.25,1.23353961
773.3,1.23565184
773.35,1.23844048
773.4,1.24192274
773.45,1.24236508
773.5,1.24252762
773.55,1.2424238
773.6,1.24206371
773.65,1.24147118
773.7,1.24080239
773.75,1.24089182
773.8,1.24107401
773.85,1.24128846
773.9,1.24163904
773.95,1.24213885
774,1.24250557
774.05,1.2413934
774.1,1.23737453
774.15,1.23389542
774.2,1.2308381
774.25,1.22782309
774.3,1.22471313
774.35,1.22183622
774.4,1.22018361
774.45,1.21554352
774.5,1.20983537
774.55,1.20365205
774.6,1.19636787
774.65,1.18807911
774.7,1.17930842
774.75,1.1731373
774.8,1.16798561
774.85,1.16321504
774.9,1.15900444
774.95,1.15465648
775,1.15630388
775.05,1.15923559
775.1,1.1614692
775.15,1.16354418
775.2,1.1681278
775.25,1.17849449
775.3,1.18749283
775.35,1.19537994
775.4,1.20337501
775.45,1.21189858
775.5,1.22008729
775.55,1.22468847
775.6,1.22690806
775.65,1.22869244
775.7,1.2305802
775.75,1.23176204
775.8,1.23082524
775.85,1.22935141
775.9,1.22780267
775.95,1.22631933
776,1.2250643
776.05,1.22426611
776.1,1.22410193
776.15,1.22392228
776.2,1.22375984
776.25,1.22326511
776.3,1.22281063
776.35,1.22258515
776.4,1.22232439
776.45,1.22262377
776.5,1.22350912
776.55,1.22485033
776.6,1.22607226
776.65,1.22691371
776.7,1.22780311
776.75,1.22795123
776.8,1.22759579
776.85,1.22703936
776.9,1.2264966
776.95,1.22582315
777,1.22418322
777.05,1.22037483
777.1,1.2171196
777.15,1.21391926
777.2,1.20990346
777.25,1.20468198
777.3,1.1999086
777.35,1.1959847
777.4,1.19166034
777.45,1.18719411
777.5,1.1831801
777.55,1.18045126
777.6,1.18035706
777.65,1.18197858
777.7,1.18348064
777.75,1.18544171
777.8,1.18830294
777.85,1.19171148
777.9,1.19326314
777.95,1.19509164
778,1.197288
778.05,1.19933303
778.1,1.20083627
778.15,1.20204846
778.2,1.20304541
778.25,1.20395661
778.3,1.20485979
778.35,1.20555341
778.4,1.20595465
778.45,1.20669946
778.5,1.20740882
778.55,1.20812894
778.6,1.2088596
778.65,1.20939903
778.7,1.20917426
778.75,1.20583895
778.8,1.2033571
778.85,1.20116423
778.9,1.19904495
778.95,1.19712811
779,1.19599751
779.05,1.19767278
779.1,1.19869038
779.15,1.19899225
779.2,1.1984871
779.25,1.19786074
779.3,1.19959392
779.35,1.20199232
779.4,1.20414948
779.45,1.20643159
779.5,1.20891101
779.55,1.21079062
779.6,1.20691757
779.65,1.20346107
779.7,1.2000487
779.75,1.19605217
779.8,1.1914404
779.85,1.18710527
779.9,1.1864735
779.95,1.18493874
780,1.18315092
780.05,1.18122235
780.1,1.17980034
780.15,1.18208758
780.2,1.18481791
780.25,1.18730266
780.3,1.19015228
780.35,1.19433385
780.4,1.20044344
780.45,1.2032766
780.5,1.20559773
780.55,1.20745976
780.6,1.20795731
780.65,1.20683435
780.7,1.20559891
780.75,1.20430673
780.8,1.20286882
780.85,1.2013406
780.9,1.19936678
780.95,1.19648062
781,1.19317763
781.05,1.18940885
781.1,1.1850962
781.15,1.18202071
781.2,1.18172259
781.25,1.18457238
781.3,1.1866448
781.35,1.18842695
781.4,1.18987252
781.45,1.19131479
781.5,1.19320665
781.55,1.1955934
781.6,1.1981737
781.65,1.20106234
781.7,1.20471486
781.75,1.20845737
781.8,1.2099014
781.85,1.21012969
781.9,1.20980319
781.95,1.20935726
782,1.20874079
782.05,1.20775263
782.1,1.20688091
782.15,1.20611712
782.2,1.20561367
782.25,1.20524181
782.3,1.20498739
782.35,1.20513294
782.4,1.20484841
782.45,1.20426285
782.5,1.20224204
782.55,1.19957646
782.6,1.19802064
782.65,1.1967849
782.7,1.19578159
782.75,1.1950644
782.8,1.19562974
782.85,1.19748737
782.9,1.19822013
782.95,1.19799236
783,1.19550173
783.05,1.19054121
783.1,1.18480444
783.15,1.18091004
783.2,1.17750705
783.25,1.1745626
783.3,1.1731519
783.35,1.17290416
783.4,1.17238353
783.45,1.1680623
783.5,1.16334762
783.55,1.15776009
783.6,1.15506245
783.65,1.15684525
783.7,1.16169667
783.75,1.1685504
783.8,1.17458661
783.85,1.18049976
783.9,1.18462887
783.95,1.18525276
784,1.18661416
784.05,1.18831442
784.1,1.19042328
784.15,1.19317498
784.2,1.1963567
784.25,1.19873563
784.3,1.19814789
784.35,1.19716602
784.4,1.19606333
784.45,1.19492302
784.5,1.19374954
784.55,1.19328231
784.6,1.19349053
784.65,1.19368474
784.7,1.19379634
784.75,1.19393962
784.8,1.19349773
784.85,1.19230295
784.9,1.19119833
784.95,1.19023628
785,1.18916899
785.05,1.18740758
785.1,1.18622549
785.15,1.18543947
785.2,1.18476966
785.25,1.18397639
785.3,1.18286384
785.35,1.18132211
785.4,1.17960895
785.45,1.17490121
785.5,1.16812207
785.55,1.1624086
785.6,1.15823768
785.65,1.15564231
785.7,1.15359209
785.75,1.15368398
785.8,1.15671932
785.85,1.15787166
785.9,1.15763366
785.95,1.15593926
786,1.15629326
786.05,1.1603385
786.1,1.16560149
786.15,1.17162251
786.2,1.17771677
786.25,1.18451468
786.3,1.19041275
786.35,1.19175963
786.4,1.19146321
786.45,1.1913509
786.5,1.19172131
786.55,1.19246724
786.6,1.19324912
786.65,1.19421442
786.7,1.19509767
786.75,1.19540362
786.8,1.19498345
786.85,1.19397131
786.9,1.19320272
786.95,1.19209027
787,1.19119663
787.05,1.19050453
787.1,1.1899518
787.15,1.18972045
787.2,1.18900977
787.25,1.18828509
787.3,1.18763432
787.35,1.18722873
787.4,1.18749394
787.45,1.18689948
787.5,1.18647435
787.55,1.18590626
787.6,1.18515744
787.65,1.1846004
787.7,1.18369331
787.75,1.18364002
787.8,1.18326793
787.85,1.18253503
787.9,1.18223588
787.95,1.18109265
788,1.17914182
788.05,1.17746777
788.1,1.17680289
788.15,1.17748389
788.2,1.1781724
788.25,1.17917483
788.3,1.18046417
788.35,1.18193181
788.4,1.18334002
788.45,1.18397156
788.5,1.18363688
788.55,1.18441188
788.6,1.1861733
788.65,1.18813078
788.7,1.18901473
788.75,1.18974107
788.8,1.19097219
788.85,1.19173728
788.9,1.19135898
788.95,1.19097905
789,1.19068147
789.05,1.19056498
789.1,1.19059179
789.15,1.19063906
789.2,1.19043539
789.25,1.19000391
789.3,1.18964673
789.35,1.18938542
789.4,1.18914813
789.45,1.18872124
789.5,1.18827905
789.55,1.18783523
789.6,1.1874202
789.65,1.18699981
789.7,1.18641006
789.75,1.18603705
789.8,1.18594819
789.85,1.18593978
789.9,1.18560906
789.95,1.18429152
790,1.18378205
790.05,1.18393485
790.1,1.18437621
790.15,1.18493922
790.2,1.18574993
790.25,1.18764752
790.3,1.18886258
790.35,1.18911949
790.4,1.18865684
790.45,1.1882706
790.5,1.18898203
790.55,1.19016403
790.6,1.19191392
790.65,1.19382203
790.7,1.19477935
790.75,1.19519569
790.8,1.19487865
790.85,1.19413527
790.9,1.19321321
790.95,1.19221623
791,1.18998612
791.05,1.18724038
791.1,1.18335686
791.15,1.17816217
791.2,1.17226049
791.25,1.16650965
791.3,1.16220402
791.35,1.15877499
791.4,1.1561154
791.45,1.15504494
791.5,1.15489867
791.55,1.15463945
791.6,1.15406216
791.65,1.15324889
791.7,1.15278049
791.75,1.15294488
791.8,1.1530854
791.85,1.15304332
791.9,1.15295879
791.95,1.15356428
792,1.15406632
792.05,1.15429794
792.1,1.15490137
792.15,1.15633556
792.2,1.15854397
792.25,1.16151
792.3,1.1646923
792.35,1.16790739
792.4,1.17089008
792.45,1.17276998
792.5,1.17357785
792.55,1.17345337
792.6,1.17262536
792.65,1.17144332
792.7,1.1703177
792.75,1.16958496
792.8,1.16908448
792.85,1.16811577
792.9,1.16597158
792.95,1.16326696
793,1.16015919
793.05,1.15569537
793.1,1.14996998
793.15,1.1436075
793.2,1.13870661
793.25,1.13474825
793.3,1.13116834
793.35,1.12851127
793.4,1.12796811
793.45,1.13005636
793.5,1.13029276
793.55,1.1287581
793.6,1.12651808
793.65,1.12580097
793.7,1.1258615
793.75,1.12530884
793.8,1.12559925
793.85,1.12752402
793.9,1.13087877
793.95,1.13065459
794,1.12944434
794.05,1.12931507
794.1,1.13154415
794.15,1.1357326
794.2,1.13837726
794.25,1.14133775
794.3,1.1443074
794.35,1.14591166
794.4,1.14067363
794.45,1.1325609
794.5,1.12622424
794.55,1.12190281
794.6,1.11873031
794.65,1.11627361
794.7,1.1175299
794.75,1.12154982
794.8,1.12693569
794.85,1.13182007
794.9,1.13701651
794.95,1.14430865
795,1.15270268
795.05,1.16105892
795.1,1.16787708
795.15,1.17375642
795.2,1.17867116
795.25,1.18148878
795.3,1.18167469
795.35,1.18037243
795.4,1.17807453
795.45,1.17568505
795.5,1.17332731
795.55,1.17100369
795.6,1.1686512
795.65,1.16648207
795.7,1.16433335
795.75,1.16211307
795.8,1.15977101
795.85,1.15787349
795.9,1.15669633
795.95,1.15637997
796,1.1569628
796.05,1.15838758
796.1,1.16011108
796.15,1.1614037
796.2,1.16229739
796.25,1.16286644
796.3,1.1631273
796.35,1.16306494
796.4,1.16292588
796.45,1.1629581
796.5,1.16329679
796.55,1.16325375
796.6,1.16286824
796.65,1.16249559
796.7,1.16226706
796.75,1.16223776
796.8,1.16252617
796.85,1.16274672
796.9,1.16297987
796.95,1.1632293
797,1.16338593
797.05,1.16314713
797.1,1.16290673
797.15,1.16269259
797.2,1.16245783
797.25,1.16191692
797.3,1.16072496
797.35,1.15954602
797.4,1.15869337
797.45,1.15841505
797.5,1.15847456
797.55,1.15869926
797.6,1.15939624
797.65,1.16040395
797.7,1.16102383
797.75,1.1605676
797.8,1.16011271
797.85,1.15996542
797.9,1.16022582
797.95,1.16045458
798,1.16089073
798.05,1.16136066
798.1,1.16171012
798.15,1.16175449
798.2,1.16122203
798.25,1.1609535
798.3,1.16091697
798.35,1.161114
798.4,1.16156814
798.45,1.16218551
798.5,1.16268827
798.55,1.16272705
798.6,1.16203547
798.65,1.16076893
798.7,1.15944933
798.75,1.15810635
798.8,1.15683473
798.85,1.15577336
798.9,1.15546484
798.95,1.15533517
799,1.15505774
799.05,1.15456293
799.1,1.15420403
799.15,1.1543282
799.2,1.1547018
799.25,1.15515244
799.3,1.15549558
799.35,1.1554603
799.4,1.15495544
799.45,1.15386771
799.5,1.15234718
799.55,1.15077264
799.6,1.15055452
799.65,1.15022115
799.7,1.14835451
799.75,1.14414532
799.8,1.13873436
799.85,1.13354881
799.9,1.12866697
799.95,1.12427514
800,1.12061647
800.05,1.12038369
800.1,1.12089547
800.15,1.12146061
800.2,1.12189187
800.25,1.12319842
800.3,1.12792277
800.35,1.13395629
800.4,1.14079947
800.45,1.14812139
800.5,1.15430662
800.55,1.15885401
800.6,1.16122779
800.65,1.16169508
800.7,1.16165189
800.75,1.16153054
800.8,1.16145923
800.85,1.16129241
800.9,1.16082006
800.95,1.15956112
801,1.15798813
801.05,1.15632655
801.1,1.15475952
801.15,1.15352774
801.2,1.15293185
801.25,1.15269439
801.3,1.15268714
801.35,1.15281138
801.4,1.15322747
801.45,1.15398111
801.5,1.15466417
801.55,1.15504249
801.6,1.15492819
801.65,1.15466546
801.7,1.15429345
801.75,1.15369994
801.8,1.15281098
801.85,1.15200191
801.9,1.15140805
801.95,1.15080849
802,1.15003477
802.05,1.1488546
802.1,1.1480423
802.15,1.14780135
802.2,1.14799364
802.25,1.14840962
802.3,1.14884124
802.35,1.15032498
802.4,1.15175018
802.45,1.15249328
802.5,1.15207757
802.55,1.15113284
802.6,1.14931606
802.65,1.14643458
802.7,1.14237931
802.75,1.138183
802.8,1.13482534
802.85,1.13188163
802.9,1.1294511
802.95,1.12830453
803,1.12940147
803.05,1.13142896
803.1,1.13407825
803.15,1.13724577
803.2,1.14243514
803.25,1.14770204
803.3,1.15202537
803.35,1.15493153
803.4,1.15638051
803.45,1.15695476
803.5,1.15613365
803.55,1.15405584
803.6,1.15112263
803.65,1.14915197
803.7,1.14792244
803.75,1.14705563
803.8,1.14627909
803.85,1.14570779
803.9,1.1461845
803.95,1.14737242
804,1.14903495
804.05,1.15090245
804.1,1.15278722
804.15,1.15484719
804.2,1.15667368
804.25,1.15783422
804.3,1.15794711
804.35,1.15741111
804.4,1.15509477
804.45,1.15070124
804.5,1.14492075
804.55,1.13819556
804.6,1.1309735
804.65,1.12354271
804.7,1.11629009
804.75,1.11176114
804.8,1.10807186
804.85,1.10506832
804.9,1.10285743
804.95,1.10282177
805,1.1058236
805.05,1.11041168
805.1,1.11609143
805.15,1.12250985
805.2,1.12931569
805.25,1.13490225
805.3,1.13892899
805.35,1.14124156
805.4,1.142855
805.45,1.14344024
805.5,1.1437902
805.55,1.14429116
805.6,1.14503378
805.65,1.14503416
805.7,1.14464809
805.75,1.14420899
805.8,1.14421294
805.85,1.14459011
805.9,1.14504442
805.95,1.14562563
806,1.14639703
806.05,1.14749735
806.1,1.14800672
806.15,1.14812917
806.2,1.14800653
806.25,1.14783163
806.3,1.14744942
806.35,1.1471641
806.4,1.14704611
806.45,1.14711226
806.5,1.14711121
806.55,1.14706631
806.6,1.14701705
806.65,1.14697853
806.7,1.14664031
806.75,1.14600068
806.8,1.14523726
806.85,1.14435314
806.9,1.14301177
806.95,1.14135608
807,1.13938793
807.05,1.13713361
807.1,1.13464908
807.15,1.13223014
807.2,1.1303027
807.25,1.12890402
807.3,1.12798994
807.35,1.12688176
807.4,1.12597497
807.45,1.12553882
807.5,1.12568449
807.55,1.12636487
807.6,1.12766381
807.65,1.12982237
807.7,1.13272609
807.75,1.13590279
807.8,1.13807702
807.85,1.13952074
807.9,1.14043059
807.95,1.14109548
808,1.14135974
808.05,1.14139935
808.1,1.14138937
808.15,1.1414934
808.2,1.14185499
808.25,1.14150742
808.3,1.13949635
808.35,1.13560427
808.4,1.13085639
808.45,1.12730992
808.5,1.12415791
808.55,1.12136633
808.6,1.11917957
808.65,1.12000264
808.7,1.12151657
808.75,1.12254229
808.8,1.12197162
808.85,1.12184318
808.9,1.12349083
808.95,1.12602602
809,1.128745
809.05,1.13120642
809.1,1.13318475
809.15,1.13405243
809.2,1.13331613
809.25,1.1301642
809.3,1.12710865
809.35,1.12495252
809.4,1.12397162
809.45,1.12449647
809.5,1.12445736
809.55,1.12383609
809.6,1.12291615
809.65,1.12214215
809.7,1.11985584
809.75,1.11691963
809.8,1.11447646
809.85,1.11351501
809.9,1.11347206
809.95,1.11269275
810,1.11221128
810.05,1.11270806
810.1,1.11509179
810.15,1.11726284
810.2,1.11990408
810.25,1.12346206
810.3,1.12861338
810.35,1.13310597
810.4,1.13649451
810.45,1.13897138
810.5,1.14125024
810.55,1.1424861
810.6,1.14253738
810.65,1.14186082
810.7,1.14118791
810.75,1.1409154
810.8,1.14059546
810.85,1.14018683
810.9,1.13967732
810.95,1.1395432
811,1.13929326
811.05,1.13886957
811.1,1.13828347
811.15,1.13804976
811.2,1.13808519
811.25,1.13798633
811.3,1.13763218
811.35,1.1372912
811.4,1.13721405
811.45,1.13699947
811.5,1.13659229
811.55,1.13619768
811.6,1.1364935
811.65,1.13676102
811.7,1.13679846
811.75,1.13645746
811.8,1.13627151
811.85,1.13623693
811.9,1.13625782
811.95,1.13618494
812,1.13680338
812.05,1.137887
812.1,1.13920628
812.15,1.14050472
812.2,1.14170358
812.25,1.14275137
812.3,1.14354052
812.35,1.1439837
812.4,1.14412534
812.45,1.14393602
812.5,1.14343718
812.55,1.14265548
812.6,1.14173986
812.65,1.14091739
812.7,1.14007377
812.75,1.13922554
812.8,1.13881554
812.85,1.13877941
812.9,1.13885146
812.95,1.13898724
813,1.13937402
813.05,1.14011476
813.1,1.14095878
813.15,1.14182057
813.2,1.14262108
813.25,1.14353732
813.3,1.14431144
813.35,1.14480443
813.4,1.14477749
813.45,1.14456437
813.5,1.14426391
813.55,1.14387932
813.6,1.14339267
813.65,1.14297674
813.7,1.14251558
813.75,1.14189468
813.8,1.1409483
813.85,1.13969298
813.9,1.13849007
813.95,1.13735763
814,1.13630395
814.05,1.13528029
814.1,1.13438366
814.15,1.13362825
814.2,1.13302053
814.25,1.13240355
814.3,1.13215649
814.35,1.13224152
814.4,1.13261047
814.45,1.13312748
814.5,1.13359085
814.55,1.13405744
814.6,1.13456893
814.65,1.13513191
814.7,1.13554594
814.75,1.13556481
814.8,1.13503141
814.85,1.13377076
814.9,1.13231739
814.95,1.13076867
815,1.1291785
815.05,1.12758831
815.1,1.12657265
815.15,1.12613535
815.2,1.12623474
815.25,1.12623078
815.3,1.12628498
815.35,1.12665931
815.4,1.12748017
815.45,1.12886304
815.5,1.13009445
815.55,1.13122697
815.6,1.13226621
815.65,1.13314542
815.7,1.13332373
815.75,1.13299199
815.8,1.13232817
815.85,1.13191797
815.9,1.13192335
815.95,1.13185358
816,1.13144636
816.05,1.13025727
816.1,1.12886888
816.15,1.12743825
816.2,1.12603004
816.25,1.12470503
816.3,1.12376651
816.35,1.12341927
816.4,1.12368711
816.45,1.12416623
816.5,1.12423424
816.55,1.12441715
816.6,1.12483694
816.65,1.12526323
816.7,1.12515203
816.75,1.1249153
816.8,1.12469893
816.85,1.12454394
816.9,1.12378503
816.95,1.12282294
817,1.12189261
817.05,1.12153378
817.1,1.12108436
817.15,1.12084148
817.2,1.12094736
817.25,1.12163785
817.3,1.12240221
817.35,1.12324803
817.4,1.12419762
817.45,1.12538637
817.5,1.12612172
817.55,1.12638705
817.6,1.12619752
817.65,1.12583318
817.7,1.1248136
817.75,1.12338998
817.8,1.12173186
817.85,1.12047461
817.9,1.11914275
817.95,1.1178666
818,1.1167283
818.05,1.11591643
818.1,1.11266317
818.15,1.10706031
818.2,1.0992768
818.25,1.09238741
818.3,1.08635138
818.35,1.08088533
818.4,1.07594817
818.45,1.07438116
818.5,1.07435732
818.55,1.07414684
818.6,1.07246128
818.65,1.07236646
818.7,1.07488992
818.75,1.07913839
818.8,1.08434359
818.85,1.09112677
818.9,1.09902118
818.95,1.10668355
819,1.11263635
819.05,1.11537062
819.1,1.11766715
819.15,1.11965022
819.2,1.12139019
819.25,1.12057159
819.3,1.11672539
819.35,1.11037855
819.4,1.10220515
819.45,1.09362026
819.5,1.08466735
819.55,1.07612473
819.6,1.06966503
819.65,1.06728922
819.7,1.06514307
819.75,1.06273835
819.8,1.06004114
819.85,1.06151693
819.9,1.06491273
819.95,1.06938583
820,1.0735494
820.05,1.07970451
820.1,1.08622444
820.15,1.09200244
820.2,1.09331202
820.25,1.09344976
820.3,1.09382947
820.35,1.094779
820.4,1.09520517
820.45,1.09601583
820.5,1.0976046
820.55,1.09999191
820.6,1.10068238
820.65,1.1000409
820.7,1.0990519
820.75,1.09832435
820.8,1.09677977
820.85,1.09498873
820.9,1.09349091
820.95,1.09278745
821,1.09265083
821.05,1.09152543
821.1,1.08955687
821.15,1.08693388
821.2,1.08384814
821.25,1.0808809
821.3,1.07817059
821.35,1.07596139
821.4,1.07461847
821.45,1.07403859
821.5,1.0740372
821.55,1.07407764
821.6,1.07435324
821.65,1.07634162
821.7,1.08023398
821.75,1.08557597
821.8,1.08879572
821.85,1.08996754
821.9,1.08912667
821.95,1.08755261
822,1.08455852
822.05,1.08047595
822.1,1.07559982
822.15,1.0729022
822.2,1.07226708
822.25,1.07254019
822.3,1.07269222
822.35,1.07454114
822.4,1.078907
822.45,1.08523586
822.5,1.0930219
822.55,1.1009635
822.6,1.10907957
822.65,1.11692095
822.7,1.12337531
822.75,1.12667827
822.8,1.1280308
822.85,1.12762909
822.9,1.12498357
822.95,1.12055224
823,1.11482831
823.05,1.1079169
823.1,1.10001063
823.15,1.09312296
823.2,1.087399
823.25,1.08302217
823.3,1.08023117
823.35,1.07863185
823.4,1.07851244
823.45,1.08034611
823.5,1.08230838
823.55,1.08522698
823.6,1.08919828
823.65,1.09449553
823.7,1.09897269
823.75,1.1019805
823.8,1.10365489
823.85,1.10460318
823.9,1.10389179
823.95,1.10191927
824,1.09898252
824.05,1.09684269
824.1,1.09562795
824.15,1.09442322
824.2,1.09275345
824.25,1.0922581
824.3,1.09301766
824.35,1.09455588
824.4,1.09649386
824.45,1.0987819
824.5,1.10137921
824.55,1.10363184
824.6,1.10417087
824.65,1.10163865
824.7,1.09849026
824.75,1.09520969
824.8,1.09219163
824.85,1.0890783
824.9,1.08644866
824.95,1.08461675
825,1.08453063
825.05,1.08444986
825.1,1.08454321
825.15,1.08494241
825.2,1.08725806
825.25,1.09021263
825.3,1.09350775
825.35,1.0967258
825.4,1.09970275
825.45,1.10159603
825.5,1.10222867
825.55,1.10121979
825.6,1.09967565
825.65,1.09799343
825.7,1.09633975
825.75,1.09531595
825.8,1.09520304
825.85,1.09546312
825.9,1.09575654
825.95,1.09651137
826,1.09790699
826.05,1.09973942
826.1,1.10178918
826.15,1.10300842
826.2,1.10387014
826.25,1.10443034
826.3,1.10464624
826.35,1.10419781
826.4,1.10335735
826.45,1.1022494
826.5,1.10137245
826.55,1.1008459
826.6,1.100343
826.65,1.0995945
826.7,1.09928794
826.75,1.09934944
826.8,1.09971639
826.85,1.10029262
826.9,1.10098418
826.95,1.10185294
827,1.10279878
827.05,1.10322617
827.1,1.10297941
827.15,1.10243571
827.2,1.10172138
827.25,1.10075635
827.3,1.09985561
827.35,1.09893234
827.4,1.09787928
827.45,1.09630522
827.5,1.09467437
827.55,1.09314402
827.6,1.0921126
827.65,1.09107543
827.7,1.09015796
827.75,1.0894734
827.8,1.08969656
827.85,1.08994803
827.9,1.09025275
827.95,1.09063728
828,1.09149164
828.05,1.09252964
828.1,1.09356938
828.15,1.09422747
828.2,1.09489633
828.25,1.09539302
828.3,1.09561626
828.35,1.09521594
828.4,1.09476133
828.45,1.09433067
828.5,1.09397651
828.55,1.09332677
828.6,1.09242234
828.65,1.09144916
828.7,1.09075259
828.75,1.09016821
828.8,1.08961747
828.85,1.08912611
828.9,1.08893566
828.95,1.08931041
829,1.08967967
829.05,1.08974876
829.1,1.08989854
829.15,1.08956048
829.2,1.08851196
829.25,1.08629234
829.3,1.08399525
829.35,1.08196633
829.4,1.08019855
829.45,1.07830165
829.5,1.07691836
829.55,1.07626296
829.6,1.07650072
829.65,1.07618831
829.7,1.07621245
829.75,1.07672633
829.8,1.07813782
829.85,1.07978274
829.9,1.08163117
829.95,1.0837302
830,1.08635214
830.05,1.08851267
830.1,1.09001722
830.15,1.09064382
830.2,1.09095409
830.25,1.09115227
830.3,1.09123806
830.35,1.09117508
830.4,1.09037262
830.45,1.08893999
830.5,1.08679853
830.55,1.08311149
830.6,1.07931659
830.65,1.07574542
830.7,1.07274791
830.75,1.0704193
830.8,1.06803888
830.85,1.06573475
830.9,1.06411639
830.95,1.06257432
831,1.06156281
831.05,1.06133274
831.1,1.06290566
831.15,1.06566002
831.2,1.0692531
831.25,1.07343779
831.3,1.0773386
831.35,1.08070811
831.4,1.08355888
831.45,1.0860568
831.5,1.08826117
831.55,1.09002962
831.6,1.09120647
831.65,1.09305917
831.7,1.09397924
831.75,1.0939262
831.8,1.09265997
831.85,1.09130569
831.9,1.0902842
831.95,1.08966005
832,1.08829108
832.05,1.08753075
832.1,1.08740901
832.15,1.08810898
832.2,1.0890992
832.25,1.09021766
832.3,1.09147333
832.35,1.09298771
832.4,1.093238
832.45,1.09146922
832.5,1.08682061
832.55,1.07791537
832.6,1.0692798
832.65,1.06101491
832.7,1.05322153
832.75,1.04584083
832.8,1.0400131
832.85,1.03626783
832.9,1.03598859
832.95,1.03362923
833,1.03076485
833.05,1.02935735
833.1,1.03188335
833.15,1.035441
833.2,1.03951594
833.25,1.043789
833.3,1.04874357
833.35,1.05262718
833.4,1.05391741
833.45,1.05107315
833.5,1.0486541
833.55,1.04700457
833.6,1.04655249
833.65,1.04709835
833.7,1.04814492
833.75,1.04954919
833.8,1.04984132
833.85,1.05024603
833.9,1.05077839
833.95,1.05149725
834,1.05220658
834.05,1.05281391
834.1,1.05332108
834.15,1.05447591
834.2,1.05462219
834.25,1.05421883
834.3,1.05372983
834.35,1.05359438
834.4,1.05346497
834.45,1.05318079
834.5,1.05175873
834.55,1.05055215
834.6,1.04945171
834.65,1.04836235
834.7,1.04720788
834.75,1.0467018
834.8,1.04703511
834.85,1.04871596
834.9,1.04992812
834.95,1.05131734
835,1.05347014
835.05,1.05708988
835.1,1.06102981
835.15,1.06518502
835.2,1.0694771
835.25,1.07417903
835.3,1.07827355
835.35,1.08103226
835.4,1.08207584
835.45,1.0829629
835.5,1.08377734
835.55,1.08456141
835.6,1.0846235
835.65,1.08404346
835.7,1.08278773
835.75,1.08173756
835.8,1.08089716
835.85,1.08018998
835.9,1.07941163
835.95,1.07862762
836,1.07796847
836.05,1.0775156
836.1,1.07664634
836.15,1.07575008
836.2,1.07487766
836.25,1.0741499
836.3,1.07348579
836.35,1.07239779
836.4,1.07065008
836.45,1.06765817
836.5,1.06513499
836.55,1.06301977
836.6,1.06128648
836.65,1.05987146
836.7,1.05918993
836.75,1.05948928
836.8,1.0613439
836.85,1.06245633
836.9,1.06325917
836.95,1.06480274
837,1.06704078
837.05,1.06938299
837.1,1.07162104
837.15,1.07320805
837.2,1.07454767
837.25,1.07541382
837.3,1.07504575
837.35,1.07412058
837.4,1.07299705
837.45,1.07180623
837.5,1.0705516
837.55,1.06919916
837.6,1.06770911
837.65,1.0659106
837.7,1.06405001
837.75,1.06224701
837.8,1.06056656
837.85,1.05907135
837.9,1.05768108
837.95,1.05637299
838,1.05509527
838.05,1.05394507
838.1,1.05300192
838.15,1.0523825
838.2,1.05227988
838.25,1.05239386
838.3,1.05270266
838.35,1.05324743
838.4,1.05469369
838.45,1.05628912
838.5,1.05745658
838.55,1.0545308
838.6,1.04933338
838.65,1.04257176
838.7,1.03764777
838.75,1.03319978
838.8,1.02932893
838.85,1.02632874
838.9,1.02648034
838.95,1.02774941
839,1.0295082
839.05,1.02726811
839.1,1.02790724
839.15,1.03101958
839.2,1.03694953
839.25,1.04385005
839.3,1.05112381
839.35,1.05866451
839.4,1.06753698
839.45,1.07320984
839.5,1.07608
839.55,1.07558353
839.6,1.07427669
839.65,1.07251161
839.7,1.07032942
839.75,1.0685828
839.8,1.06692028
839.85,1.06544715
839.9,1.06465809
839.95,1.06337345
840,1.06213268
840.05,1.06131507
840.1,1.06069301
840.15,1.0605338
840.2,1.06082609
840.25,1.06147789
840.3,1.06257877
840.35,1.063768
840.4,1.06464093
840.45,1.06531923
840.5,1.06598135
840.55,1.06666426
840.6,1.06740881
840.65,1.06835282
840.7,1.06949268
840.75,1.07089349
840.8,1.07175218
840.85,1.07221531
840.9,1.07225418
840.95,1.07189408
841,1.07108641
841.05,1.06983062
841.1,1.06794294
841.15,1.0661452
841.2,1.06426941
841.25,1.06215343
841.3,1.06015299
841.35,1.05857628
841.4,1.0574845
841.45,1.05701632
841.5,1.05591406
841.55,1.0543796
841.6,1.05260595
841.65,1.05002506
841.7,1.04778628
841.75,1.04632649
841.8,1.04522323
841.85,1.0443909
841.9,1.04381411
841.95,1.04353451
842,1.04365905
842.05,1.04337771
842.1,1.04193214
842.15,1.04069201
842.2,1.04003286
842.25,1.03995696
842.3,1.03954577
842.35,1.03942221
842.4,1.03943848
842.45,1.03937684
842.5,1.03797402
842.55,1.03575607
842.6,1.03275523
842.65,1.03068578
842.7,1.02898643
842.75,1.02778845
842.8,1.02819762
842.85,1.02960057
842.9,1.03148535
842.95,1.03351396
843,1.03550578
843.05,1.03762344
843.1,1.03989507
843.15,1.04148854
843.2,1.04261544
843.25,1.04310001
843.3,1.04207544
843.35,1.03817347
843.4,1.0326464
843.45,1.0258143
843.5,1.02027275
843.55,1.01601493
843.6,1.01307855
843.65,1.01149077
843.7,1.01044863
843.75,1.00946538
843.8,1.00760278
843.85,1.00674027
843.9,1.00711374
843.95,1.00918303
844,1.01271232
844.05,1.01732058
844.1,1.022978
844.15,1.03023628
844.2,1.03554986
844.25,1.03958252
844.3,1.04273138
844.35,1.04599442
844.4,1.04843525
844.45,1.04949371
844.5,1.04850424
844.55,1.04833034
844.6,1.04875631
844.65,1.04767437
844.7,1.04575795
844.75,1.04385961
844.8,1.04313042
844.85,1.04367403
844.9,1.04398904
844.95,1.04354206
845,1.04534897
845.05,1.0479788
845.1,1.05126499
845.15,1.054511
845.2,1.0580986
845.25,1.0619322
845.3,1.06600848
845.35,1.06801974
845.4,1.06902118
845.45,1.06918785
845.5,1.06890409
845.55,1.06828524
845.6,1.06734047
845.65,1.06604137
845.7,1.06438532
845.75,1.06242885
845.8,1.06009544
845.85,1.05786586
845.9,1.05597533
845.95,1.05460076
846,1.05396054
846.05,1.05353936
846.1,1.05331851
846.15,1.05333508
846.2,1.05314458
846.25,1.05298518
846.3,1.05326208
846.35,1.05357839
846.4,1.05372381
846.45,1.05354792
846.5,1.05296429
846.55,1.05214002
846.6,1.0508815
846.65,1.04618177
846.7,1.0399477
846.75,1.03326146
846.8,1.02821886
846.85,1.02362657
846.9,1.01925969
846.95,1.01505435
847,1.01294892
847.05,1.01222942
847.1,1.01280935
847.15,1.0107624
847.2,1.010439
847.25,1.0117385
847.3,1.0155258
847.35,1.02000263
847.4,1.0246097
847.45,1.02886216
847.5,1.03423784
847.55,1.03861865
847.6,1.04133015
847.65,1.04178673
847.7,1.04208329
847.75,1.04231723
847.8,1.04286148
847.85,1.04263944
847.9,1.04173315
847.95,1.03980049
848,1.03712136
848.05,1.03408196
848.1,1.03075193
848.15,1.02771693
848.2,1.02490011
848.25,1.02231633
848.3,1.02032025
848.35,1.01882237
848.4,1.01773768
848.45,1.01707857
848.5,1.01638399
848.55,1.01585886
848.6,1.01580491
848.65,1.01603469
848.7,1.01640014
848.75,1.01688804
848.8,1.01731513
848.85,1.01756039
848.9,1.01765949
848.95,1.01798111
849,1.01898609
849.05,1.02029591
849.1,1.02108641
849.15,1.02184046
849.2,1.02252258
849.25,1.02306679
849.3,1.02335681
849.35,1.0233631
849.4,1.0230347
849.45,1.02096839
849.5,1.01635931
849.55,1.00876544
849.6,0.99353125
849.65,0.9729916
849.7,0.94959187
849.75,0.92668913
849.8,0.90561059
849.85,0.88580415
849.9,0.86747678
849.95,0.8566492
850,0.84994553
850.05,0.8475245
850.1,0.84725245
850.15,0.85238055
850.2,0.86271844
850.25,0.88049696
850.3,0.90061446
850.35,0.92249709
850.4,0.94617747
850.45,0.96850894
850.5,0.9876302
850.55,1.00025494
850.6,1.00731405
850.65,1.01240296
850.7,1.01602228
850.75,1.0188852
850.8,1.02170007
850.85,1.02446824
850.9,1.0267437
850.95,1.02821632
851,1.02907826
851.05,1.02939987
851.1,1.02938011
851.15,1.02856154
851.2,1.02603027
851.25,1.01915344
851.3,1.0107444
851.35,1.00139179
851.4,0.99252238
851.45,0.98400325
851.5,0.97585789
851.55,0.96966395
851.6,0.96613292
851.65,0.96456909
851.7,0.96329035
851.75,0.96331357
851.8,0.96485116
851.85,0.96958561
851.9,0.97591389
851.95,0.98293916
852,0.99049028
852.05,0.99939085
852.1,1.00740023
852.15,1.01392481
852.2,1.01649869
852.25,1.01795591
852.3,1.01850517
852.35,1.01859767
852.4,1.01789279
852.45,1.01628153
852.5,1.01270254
852.55,1.00726148
852.6,1.00051796
852.65,0.99217711
852.7,0.98427417
852.75,0.97684559
852.8,0.97012529
852.85,0.96504463
852.9,0.96037932
852.95,0.95595808
853,0.9518586
853.05,0.94873345
853.1,0.94655201
853.15,0.94515979
853.2,0.94379662
853.25,0.94245092
853.3,0.94110347
853.35,0.93847993
853.4,0.93454926
853.45,0.92821116
853.5,0.92970715
853.55,0.93297966
853.6,0.93533184
853.65,0.93596778
853.7,0.93548857
853.75,0.93379257
853.8,0.92903891
853.85,0.92137542
853.9,0.91063473
853.95,0.89281962
854,0.8695977
854.05,0.84177678
854.1,0.80894193
854.15,0.77659949
854.2,0.74541386
854.25,0.71784083
854.3,0.69656341
854.35,0.6800259
854.4,0.66998881
854.45,0.66660188
854.5,0.66884623
854.55,0.67850656
854.6,0.69966226
854.65,0.72597133
854.7,0.75721363
854.75,0.79279204
854.8,0.82889226
854.85,0.86503443
854.9,0.89556713
854.95,0.92044031
855,0.94048765
855.05,0.95406781
855.1,0.96415927
855.15,0.97186112
855.2,0.97691139
855.25,0.98127872
855.3,0.9856415
855.35,0.99060964
855.4,0.99436122
855.45,0.99724192
855.5,0.99904913
855.55,0.99915867
855.6,0.99896915
855.65,0.99863911
855.7,0.99829537
855.75,0.99780456
855.8,0.99716799
855.85,0.99654873
855.9,0.99650637
855.95,0.99682943
856,0.99668158
856.05,0.99743974
856.1,0.99887436
856.15,1.00106902
856.2,1.00288139
856.25,1.00443124
856.3,1.00562059
856.35,1.00693667
856.4,1.00781495
856.45,1.00768695
856.5,1.00700048
856.55,1.00619524
856.6,1.00536976
856.65,1.00462324
856.7,1.00369858
856.75,1.00253843
856.8,1.00112317
856.85,0.99962074
856.9,0.99803139
856.95,0.99632271
857,0.99447608
857.05,0.99268942
857.1,0.99234157
857.15,0.99285153
857.2,0.99386196
857.25,0.99496661
857.3,0.99605508
857.35,0.9971553
857.4,0.99832175
857.45,0.9990697
857.5,0.99981537
857.55,1.00089505
857.6,1.00207399
857.65,1.00335514
857.7,1.0047924
857.75,1.00637354
857.8,1.00812361
857.85,1.01009767
857.9,1.01137668
857.95,1.01170894
858,1.01100074
858.05,1.00767959
858.1,1.00465402
858.15,1.00194277
858.2,0.9990454
858.25,0.99620744
858.3,0.99349781
858.35,0.99152305
858.4,0.99059003
858.45,0.99010623
858.5,0.98845988
858.55,0.98766381
858.6,0.98746419
858.65,0.98804981
858.7,0.98958678
858.75,0.99153899
858.8,0.99363451
858.85,0.9968647
858.9,1.00007073
858.95,1.00247363
859,1.00366892
859.05,1.00447406
859.1,1.00503643
859.15,1.0058383
859.2,1.00669571
859.25,1.00757798
859.3,1.00850562
859.35,1.00955174
859.4,1.01074362
859.45,1.01065058
859.5,1.01028106
859.55,1.00967005
859.6,1.00795558
859.65,1.00635203
859.7,1.0048234
859.75,1.00298826
859.8,1.00155956
859.85,1.00041126
859.9,0.9991378
859.95,0.99828139
860,0.99774352
860.05,0.99759209
860.1,0.99798997
860.15,0.99856183
860.2,0.99863714
860.25,0.99983979
860.3,1.001575
860.35,1.00348548
860.4,1.00458135
860.45,1.00530641
860.5,1.00579069
860.55,1.00612963
860.6,1.00615138
860.65,1.00552865
860.7,1.0055592
860.75,1.00596444
860.8,1.00681863
860.85,1.00758633
860.9,1.0080775
860.95,1.00810212
861,1.00546222
861.05,1.00304645
861.1,1.00151191
861.15,1.00040844
861.2,0.99919626
861.25,0.99779803
861.3,0.99763878
861.35,0.9983994
861.4,1.00010063
861.45,0.99726457
861.5,0.99582041
861.55,0.99590378
861.6,0.99809587
861.65,1.0000762
861.7,1.00193944
861.75,1.00532218
861.8,1.01043627
861.85,1.01650361
861.9,1.01788944
861.95,1.01812053
862,1.01772836
862.05,1.0186552
862.1,1.0193272
862.15,1.01987611
862.2,1.02062841
862.25,1.02258415
862.3,1.02525629
862.35,1.02813561
862.4,1.02959155
862.45,1.03048685
862.5,1.03187958
862.55,1.03305651
862.6,1.03418834
862.65,1.03548818
862.7,1.03690917
862.75,1.03853318
862.8,1.04065094
862.85,1.04162384
862.9,1.04177951
862.95,1.04075409
863,1.03912454
863.05,1.03704037
863.1,1.03427771
863.15,1.03154468
863.2,1.02869099
863.25,1.02553624
863.3,1.02269263
863.35,1.02014844
863.4,1.0180752
863.45,1.01718117
863.5,1.01647763
863.55,1.01564139
863.6,1.01589482
863.65,1.01640714
863.7,1.01701071
863.75,1.01799798
863.8,1.01921558
863.85,1.02073164
863.9,1.0226285
863.95,1.02419677
864,1.0251442
864.05,1.02550232
864.1,1.0255462
864.15,1.02521693
864.2,1.02467473
864.25,1.02397973
864.3,1.02309102
864.35,1.02160377
864.4,1.02008717
864.45,1.01860193
864.5,1.01688389
864.55,1.01490625
864.6,1.01262399
864.65,1.00880649
864.7,1.00463311
864.75,1.0001315
864.8,0.99592108
864.85,0.99189147
864.9,0.98805229
864.95,0.98450707
865,0.98150709
865.05,0.97913277
865.1,0.97622434
865.15,0.97391994
865.2,0.97235073
865.25,0.9756383
865.3,0.97929023
865.35,0.98311766
865.4,0.98702526
865.45,0.99108313
865.5,0.99530202
865.55,0.99764008
865.6,0.99900749
865.65,0.99936496
865.7,0.99780579
865.75,0.99503674
865.8,0.99099934
865.85,0.98325583
865.9,0.97213039
865.95,0.95742311
866,0.93205193
866.05,0.90254475
866.1,0.86879265
866.15,0.83431956
866.2,0.80128314
866.25,0.76981906
866.3,0.74569289
866.35,0.72752789
866.4,0.7156586
866.45,0.71484016
866.5,0.71858617
866.55,0.72703269
866.6,0.74866025
866.65,0.77510772
866.7,0.80648534
866.75,0.84334625
866.8,0.88117318
866.85,0.9199254
866.9,0.95519538
866.95,0.98501834
867,1.00861729
867.05,1.0197033
867.1,1.02804625
867.15,1.03378115
867.2,1.03586858
867.25,1.03570849
867.3,1.03308841
867.35,1.02850353
867.4,1.02424835
867.45,1.02057241
867.5,1.01636199
867.55,1.01269274
867.6,1.00975568
867.65,1.00922635
867.7,1.00862214
867.75,1.00762542
867.8,1.00551997
867.85,1.00411088
867.9,1.00389095
867.95,1.00520864
868,1.00668615
868.05,1.00814713
868.1,1.01047602
868.15,1.01283591
868.2,1.01505329
868.25,1.01532687
868.3,1.01498663
868.35,1.01402639
868.4,1.01439532
868.45,1.01513327
868.5,1.01614257
868.55,1.01673155
868.6,1.01623733
868.65,1.01379587
868.7,1.00537228
868.75,0.99556678
868.8,0.98561519
868.85,0.97625025
868.9,0.96729614
868.95,0.95895841
869,0.95346027
869.05,0.95044135
869.1,0.95173812
869.15,0.95121615
869.2,0.95169218
869.25,0.95664331
869.3,0.96393578
869.35,0.97232104
869.4,0.98156179
869.45,0.98642182
869.5,0.98957823
869.55,0.99273463
869.6,0.99589104
869.65,0.99904745
869.7,1.0233781
869.75,1.03898762
869.8,1.03568
869.85,1.03307296
869.9,1.03062539
869.95,1.02829989
870,1.02617323
870.05,1.02471674
870.1,1.02377841
870.15,1.02380691
870.2,1.02279639
870.25,1.02121469
870.3,1.02171693
870.35,1.02263392
870.4,1.02389388
870.45,1.0255638
870.5,1.02764962
870.55,1.03011951
870.6,1.03259681
870.65,1.03384305
870.7,1.03385821
870.75,1.03298405
870.8,1.03144717
870.85,1.02915362
870.9,1.02574443
870.95,1.02254842
871,1.01971436
871.05,1.01583485
871.1,1.01100017
871.15,1.00486913
871.2,1.00047673
871.25,0.99673362
871.3,0.99372332
871.35,0.99069282
871.4,0.98850233
871.45,0.98810502
871.5,0.99062982
871.55,0.99326187
871.6,0.99429119
871.65,0.99729831
871.7,1.00110201
871.75,1.00545038
871.8,1.0087418
871.85,1.01167396
871.9,1.01481325
871.95,1.01931291
872,1.02397122
872.05,1.02610162
872.1,1.02825337
872.15,1.03048681
872.2,1.03323113
872.25,1.03608756
872.3,1.03902727
872.35,1.04206523
872.4,1.04423624
872.45,1.04567404
872.5,1.04586267
872.55,1.04519769
872.6,1.04374477
872.65,1.04040729
872.7,1.03692681
872.75,1.03327845
872.8,1.03007543
872.85,1.02699051
872.9,1.02402944
872.95,1.02171096
873,1.02010289
873.05,1.01953741
873.1,1.01884232
873.15,1.01834732
873.2,1.01832235
873.25,1.01885792
873.3,1.01907024
873.35,1.01809101
873.4,1.01482033
873.45,1.01106741
873.5,1.00817029
873.55,1.00464254
873.6,1.00068268
873.65,0.99598553
873.7,0.99178949
873.75,0.98822445
873.8,0.98721979
873.85,0.98515316
873.9,0.98249682
873.95,0.981693
874,0.98128305
874.05,0.98118636
874.1,0.97999911
874.15,0.97945011
874.2,0.97959255
874.25,0.98165359
874.3,0.98274974
874.35,0.98240303
874.4,0.98084929
874.45,0.97952628
874.5,0.97885189
874.55,0.97687027
874.6,0.9750929
874.65,0.97437312
874.7,0.97404134
874.75,0.97385193
874.8,0.97376679
874.85,0.97329262
874.9,0.97263793
874.95,0.97185006
875,0.96853012
875.05,0.96404223
875.1,0.9605549
875.15,0.95764646
875.2,0.95518365
875.25,0.95365631
875.3,0.95284431
875.35,0.95264168
875.4,0.95424716
875.45,0.95491775
875.5,0.95449086
875.55,0.95305067
875.6,0.95237943
875.65,0.95295867
875.7,0.95418093
875.75,0.955715
875.8,0.95765116
875.85,0.9603646
875.9,0.96358525
875.95,0.96769646
876,0.96946523
876.05,0.97082894
876.1,0.97421627
876.15,0.97825616
876.2,0.98258859
876.25,0.98660106
876.3,0.99048429
876.35,0.99431932
876.4,0.99886539
876.45,1.0013549
876.5,1.00194607
876.55,1.0015715
876.6,1.00133721
876.65,1.00130655
876.7,1.00092847
876.75,1.0006924
876.8,1.00077743
876.85,1.00130532
876.9,1.00169307
876.95,1.001557
877,1.00145847
877.05,1.00109747
877.1,0.99976383
877.15,0.99780262
877.2,0.99531156
877.25,0.99137987
877.3,0.98806829
877.35,0.98517814
877.4,0.98241368
877.45,0.98045624
877.5,0.97924375
877.55,0.97802157
877.6,0.97791827
877.65,0.97923928
877.7,0.9796615
877.75,0.9807062
877.8,0.98303509
877.85,0.98578909
877.9,0.98878417
877.95,0.99215916
878,0.99486876
878.05,0.99737436
878.1,0.99999906
878.15,1.00093076
878.2,1.00089985
878.25,1.00020559
878.3,0.999583
878.35,0.99901339
878.4,0.99828044
878.45,0.99775555
878.5,0.99745606
878.55,0.99756092
878.6,0.99776406
878.65,0.99807589
878.7,0.99796093
878.75,0.99767636
878.8,0.99715815
878.85,0.99451863
878.9,0.99147241
878.95,0.98935931
879,0.98736458
879.05,0.98530908
879.1,0.98239951
879.15,0.97797227
879.2,0.97256674
879.25,0.97005798
879.3,0.96667853
879.35,0.96235583
879.4,0.96020481
879.45,0.95880105
879.5,0.95831022
879.55,0.96030144
879.6,0.96235316
879.65,0.96344295
879.7,0.96714613
879.75,0.97146817
879.8,0.9749645
879.85,0.97834562
879.9,0.98164028
879.95,0.9847361
880,0.9886738
880.05,0.99321574
880.1,0.99495237
880.15,0.99588963
880.2,0.99588851
880.25,0.99435752
880.3,0.99251921
880.35,0.99037107
880.4,0.9855023
880.45,0.97803107
880.5,0.96485266
880.55,0.95233669
880.6,0.94028074
880.65,0.92928744
880.7,0.91867384
880.75,0.90849096
880.8,0.90141018
880.85,0.89854206
880.9,0.89956252
880.95,0.89870058
881,0.900453
881.05,0.90624462
881.1,0.91515994
881.15,0.92480581
881.2,0.93496979
881.25,0.94430519
881.3,0.95371403
881.35,0.96458115
881.4,0.97147033
881.45,0.97579876
881.5,0.97641094
881.55,0.97638918
881.6,0.97582741
881.65,0.97573155
881.7,0.97543775
881.75,0.97485745
881.8,0.97457733
881.85,0.97484324
881.9,0.97618251
881.95,0.97740859
882,0.97874735
882.05,0.98067978
882.1,0.98238412
882.15,0.98364096
882.2,0.9820249
882.25,0.97740425
882.3,0.97022413
882.35,0.96484457
882.4,0.95948564
882.45,0.95410443
882.5,0.9492059
882.55,0.94508154
882.6,0.94258021
882.65,0.94277726
882.7,0.9433964
882.75,0.94191163
882.8,0.94323656
882.85,0.94628858
882.9,0.9510268
882.95,0.95601396
883,0.9612309
883.05,0.96725394
883.1,0.97350908
883.15,0.98006199
883.2,0.98231304
883.25,0.98325591
883.3,0.98294189
883.35,0.98266345
883.4,0.98238002
883.45,0.98199769
883.5,0.98170824
883.55,0.98144049
883.6,0.98020742
883.65,0.97727069
883.7,0.97248831
883.75,0.96881621
883.8,0.9653343
883.85,0.96203418
883.9,0.95870664
883.95,0.95567101
884,0.95369771
884.05,0.95357672
884.1,0.9541591
884.15,0.95248368
884.2,0.95264271
884.25,0.95436443
884.3,0.95713471
884.35,0.95992197
884.4,0.9627026
884.45,0.96524011
884.5,0.96788083
884.55,0.97090604
884.6,0.97186229
884.65,0.97190712
884.7,0.97129578
884.75,0.97062974
884.8,0.96994057
884.85,0.97005902
884.9,0.97024
884.95,0.97049439
885,0.97059709
885.05,0.97090348
885.1,0.97168667
885.15,0.97249602
885.2,0.97333178
885.25,0.97425026
885.3,0.97536192
885.35,0.97656001
885.4,0.97725753
885.45,0.97745323
885.5,0.97710531
885.55,0.97656942
885.6,0.97590818
885.65,0.97503534
885.7,0.97390212
885.75,0.97245404
885.8,0.97004026
885.85,0.96567074
885.9,0.96022706
885.95,0.95508163
886,0.94942562
886.05,0.94325904
886.1,0.93563433
886.15,0.92826264
886.2,0.92156616
886.25,0.91710507
886.3,0.91304438
886.35,0.90816792
886.4,0.90522175
886.45,0.90332477
886.5,0.90100691
886.55,0.89944173
886.6,0.89862923
886.65,0.89928192
886.7,0.90102162
886.75,0.90452752
886.8,0.90737186
886.85,0.91058018
886.9,0.9157405
886.95,0.91968542
887,0.92306962
887.05,0.92838004
887.1,0.93314403
887.15,0.9373616
887.2,0.94181672
887.25,0.94636132
887.3,0.95103953
887.35,0.95609889
887.4,0.9603932
887.45,0.9611973
887.5,0.9616056
887.55,0.9617225
887.6,0.96066805
887.65,0.9590645
887.7,0.95686608
887.75,0.95523353
887.8,0.95409587
887.85,0.95387621
887.9,0.95327443
887.95,0.95270466
888,0.95300779
888.05,0.95399718
888.1,0.95546092
888.15,0.95581736
888.2,0.95637105
888.25,0.95717578
888.3,0.95864886
888.35,0.95996188
888.4,0.96058358
888.45,0.9610151
888.5,0.96142153
888.55,0.96224169
888.6,0.96276739
888.65,0.96304227
888.7,0.96318211
888.75,0.963422
888.8,0.96383432
888.85,0.96382377
888.9,0.96373053
888.95,0.96371894
889,0.96344921
889.05,0.96295058
889.1,0.96114062
889.15,0.95940064
889.2,0.95773647
889.25,0.95656074
889.3,0.95538215
889.35,0.95408214
889.4,0.95330161
889.45,0.9529378
889.5,0.95380354
889.55,0.95411784
889.6,0.95403282
889.65,0.95516783
889.7,0.95634008
889.75,0.95753083
889.8,0.95856673
889.85,0.95953196
889.9,0.96038102
889.95,0.9615904
890,0.96287217
890.05,0.96285184
890.1,0.96294607
890.15,0.96316439
890.2,0.96289541
890.25,0.96273219
890.3,0.96290877
890.35,0.96324377
890.4,0.96365365
890.45,0.96418156
890.5,0.96460193
890.55,0.96493779
890.6,0.96547095
890.65,0.96574052
890.7,0.96557346
890.75,0.96495422
890.8,0.96426735
890.85,0.96374148
890.9,0.9630275
890.95,0.96212599
891,0.95949118
891.05,0.95706263
891.1,0.95487621
891.15,0.95313659
891.2,0.95139723
891.25,0.94947148
891.3,0.94812402
891.35,0.94722674
891.4,0.9479319
891.45,0.94809816
891.5,0.94776698
891.55,0.94876093
891.6,0.95010413
891.65,0.95190161
891.7,0.9530424
891.75,0.95367085
891.8,0.95282082
891.85,0.95264993
891.9,0.95301265
891.95,0.95202504
892,0.95072677
892.05,0.94901345
892.1,0.94706075
892.15,0.94509467
892.2,0.94334518
892.25,0.94066591
892.3,0.93739326
892.35,0.9354173
892.4,0.93373252
892.45,0.93244984
892.5,0.9309284
892.55,0.92937465
892.6,0.92788454
892.65,0.92676181
892.7,0.92577719
892.75,0.92314732
892.8,0.92085265
892.85,0.91895149
892.9,0.91830498
892.95,0.9181218
893,0.91867603
893.05,0.91980805
893.1,0.92135372
893.15,0.92423334
893.2,0.92646505
893.25,0.92799486
893.3,0.93060701
893.35,0.93358842
893.4,0.9371398
893.45,0.94054659
893.5,0.94380334
893.55,0.94632208
893.6,0.94885731
893.65,0.95140904
893.7,0.95240682
893.75,0.9532072
893.8,0.95394986
893.85,0.95450603
893.9,0.95492569
893.95,0.95483612
894,0.95440845
894.05,0.95364268
894.1,0.95058403
894.15,0.9475311
894.2,0.9450317
894.25,0.94231217
894.3,0.93920588
894.35,0.93389132
894.4,0.92871329
894.45,0.92366132
894.5,0.92075224
894.55,0.91746541
894.6,0.91297985
894.65,0.9104696
894.7,0.90896973
894.75,0.90924609
894.8,0.90910923
894.85,0.90859092
894.9,0.91013058
894.95,0.91261729
895,0.91678025
895.05,0.91993348
895.1,0.92273579
895.15,0.92627458
895.2,0.93022919
895.25,0.93459961
895.3,0.93766609
895.35,0.9404012
895.4,0.94270115
895.45,0.94454882
895.5,0.94618461
895.55,0.94761298
895.6,0.94919908
895.65,0.95095604
895.7,0.95215981
895.75,0.9530162
895.8,0.95317329
895.85,0.9532023
895.9,0.95315715
895.95,0.95298379
896,0.95282794
896.05,0.95269264
896.1,0.95258896
896.15,0.95249667
896.2,0.95242417
896.25,0.95215841
896.3,0.95177682
896.35,0.95122405
896.4,0.95021437
896.45,0.94857372
896.5,0.94583186
896.55,0.94272046
896.6,0.93915593
896.65,0.9357504
896.7,0.93245087
896.75,0.92951536
896.8,0.92694291
896.85,0.92496282
896.9,0.9238724
896.95,0.9231781
897,0.9231453
897.05,0.9237041
897.1,0.92472773
897.15,0.92702941
897.2,0.92955547
897.25,0.93241371
897.3,0.93462829
897.35,0.93653336
897.4,0.93782725
897.45,0.93845863
897.5,0.93847847
897.55,0.93723744
897.6,0.93564651
897.65,0.93351603
897.7,0.93184483
897.75,0.93040782
897.8,0.92925364
897.85,0.92844005
897.9,0.92802629
897.95,0.92842409
898,0.92919724
898.05,0.93075313
898.1,0.9326005
898.15,0.93462653
898.2,0.93681174
898.25,0.93853679
898.3,0.93957163
898.35,0.9401197
898.4,0.94043365
898.45,0.94023918
898.5,0.93990054
898.55,0.93943909
898.6,0.93911198
898.65,0.93886222
898.7,0.9387586
898.75,0.93805498
898.8,0.93716847
898.85,0.93713585
898.9,0.93703095
898.95,0.93684775
899,0.93650612
899.05,0.93626276
899.1,0.93641226
899.15,0.93681464
899.2,0.93737203
899.25,0.93657353
899.3,0.93591443
899.35,0.93548276
899.4,0.93502935
899.45,0.93452641
899.5,0.93379556
899.55,0.93330562
899.6,0.93302089
899.65,0.93235916
899.7,0.93029715
899.75,0.92504432
899.8,0.92025631
899.85,0.915744
899.9,0.91212398
899.95,0.90830077
900,0.90421895
900.05,0.90115135
900.1,0.89915263
900.15,0.90053893
900.2,0.90068126
900.25,0.89992279
900.3,0.90165459
900.35,0.90419552
900.4,0.9081057
900.45,0.91154851
900.5,0.9148137
900.55,0.91811611
900.6,0.92131327
900.65,0.92439639
900.7,0.92411983
900.75,0.92247308
900.8,0.91790746
900.85,0.91304257
900.9,0.90797817
900.95,0.90258524
901,0.89691806
901.05,0.89077526
901.1,0.88450633
901.15,0.8783698
901.2,0.87352926
901.25,0.86861491
901.3,0.8636206
901.35,0.85958545
901.4,0.85650363
901.45,0.8559462
901.5,0.85453224
901.55,0.8525933
901.6,0.85371472
901.65,0.85535516
901.7,0.85780727
901.75,0.86016261
901.8,0.86256188
901.85,0.86566253
901.9,0.86994582
901.95,0.87551028
902,0.87779329
902.05,0.87997875
902.1,0.88371231
902.15,0.88749211
902.2,0.89130274
902.25,0.89247896
902.3,0.89394976
902.35,0.89609677
902.4,0.89908461
902.45,0.9022004
902.5,0.90302716
902.55,0.90425673
902.6,0.90595916
902.65,0.90906922
902.7,0.91213059
902.75,0.91376123
902.8,0.91582318
902.85,0.918224
902.9,0.92028894
902.95,0.92198303
903,0.92286182
903.05,0.92346016
903.1,0.92395192
903.15,0.92505316
903.2,0.92580742
903.25,0.92608253
903.3,0.92658315
903.35,0.92701723
903.4,0.92676806
903.45,0.92689998
903.5,0.92738368
903.55,0.92786379
903.6,0.92828622
903.65,0.92854585
903.7,0.92896474
903.75,0.92948124
903.8,0.93048911
903.85,0.93117142
903.9,0.93125711
903.95,0.93134146
904,0.93145004
904.05,0.93184319
904.1,0.93221906
904.15,0.93257462
904.2,0.93300835
904.25,0.93348709
904.3,0.93409272
904.35,0.93456535
904.4,0.93492466
904.45,0.9350049
904.5,0.93506277
904.55,0.93512555
904.6,0.93511742
904.65,0.93506939
904.7,0.93481524
904.75,0.93454483
904.8,0.93424549
904.85,0.93389534
904.9,0.93346566
904.95,0.9323486
905,0.93139756
905.05,0.93064139
905.1,0.92994308
905.15,0.92927252
905.2,0.92867047
905.25,0.92817037
905.3,0.92775712
905.35,0.92797561
905.4,0.92815261
905.45,0.92801171
905.5,0.92832904
905.55,0.92892723
905.6,0.92940106
905.65,0.92978754
905.7,0.93000937
905.75,0.93023597
905.8,0.93043665
905.85,0.93019917
905.9,0.92847122
905.95,0.92468498
906,0.91956999
906.05,0.91403143
906.1,0.90819314
906.15,0.90271965
906.2,0.89761095
906.25,0.89345031
906.3,0.88999803
906.35,0.88865681
906.4,0.88773399
906.45,0.88713991
906.5,0.8883665
906.55,0.89020309
906.6,0.89320115
906.65,0.89710372
906.7,0.90151506
906.75,0.90645474
906.8,0.91151106
906.85,0.91677289
906.9,0.92117981
906.95,0.9250857
907,0.92688229
907.05,0.9278232
907.1,0.92758245
907.15,0.9264423
907.2,0.92510897
907.25,0.92444186
907.3,0.9235194
907.35,0.92232032
907.4,0.92161988
907.45,0.92106567
907.5,0.92067896
907.55,0.92033638
907.6,0.9200314
907.65,0.91698362
907.7,0.91357406
907.75,0.91020327
907.8,0.90642446
907.85,0.90235019
907.9,0.89888804
907.95,0.89576998
908,0.89336361
908.05,0.89265191
908.1,0.89289348
908.15,0.89261965
908.2,0.89281782
908.25,0.89393222
908.3,0.89584934
908.35,0.89815836
908.4,0.90161642
908.45,0.90501429
908.5,0.90832185
908.55,0.91149435
908.6,0.91391231
908.65,0.90996657
908.7,0.90475951
908.75,0.89794715
908.8,0.89136875
908.85,0.88488025
908.9,0.87858477
908.95,0.87266931
909,0.86716554
909.05,0.86642014
909.1,0.86640815
909.15,0.86560831
909.2,0.86567092
909.25,0.86652963
909.3,0.86780711
909.35,0.8695156
909.4,0.87254979
909.45,0.87600786
909.5,0.879799
909.55,0.8852513
909.6,0.88982735
909.65,0.89149833
909.7,0.89221633
909.75,0.89229901
909.8,0.8903256
909.85,0.88888833
909.9,0.88900832
909.95,0.88984342
910,0.89108079
910.05,0.89303738
910.1,0.89507442
910.15,0.89725119
910.2,0.90021564
910.25,0.90354861
910.3,0.90505569
910.35,0.90585756
910.4,0.90540571
910.45,0.90537041
910.5,0.90556032
910.55,0.90687047
910.6,0.90764702
910.65,0.90755295
910.7,0.90719994
910.75,0.90681314
910.8,0.90747439
910.85,0.90756318
910.9,0.90679328
910.95,0.90431578
911,0.90129428
911.05,0.89891647
911.1,0.89654379
911.15,0.89417821
911.2,0.89207198
911.25,0.89017041
911.3,0.88937357
911.35,0.88932216
911.4,0.89021947
911.45,0.8898211
911.5,0.88894588
911.55,0.88725364
911.6,0.88637222
911.65,0.88644263
911.7,0.88437485
911.75,0.88198043
911.8,0.88086309
911.85,0.88074391
911.9,0.88170607
911.95,0.88269218
912,0.88329777
912.05,0.88152905
912.1,0.88181975
912.15,0.88434149
912.2,0.88567713
912.25,0.88715435
912.3,0.89074174
912.35,0.89475207
912.4,0.89922059
912.45,0.90380999
912.5,0.90811777
912.55,0.91080773
912.6,0.91367658
912.65,0.91672433
912.7,0.91771684
912.75,0.91811552
912.8,0.91776514
912.85,0.9174389
912.9,0.91713681
912.95,0.91688639
913,0.9166576
913.05,0.91648274
913.1,0.91625122
913.15,0.91596302
913.2,0.91583597
913.25,0.91575818
913.3,0.91575335
913.35,0.91584223
913.4,0.91602481
913.45,0.9158546
913.5,0.9156053
913.55,0.91534731
913.6,0.91511424
913.65,0.91490818
913.7,0.91468679
913.75,0.91439375
913.8,0.91368125
913.85,0.91291046
913.9,0.91207652
913.95,0.91110486
914,0.91011772
914.05,0.9092469
914.1,0.90834087
914.15,0.90739349
914.2,0.90659535
914.25,0.90585787
914.3,0.90529164
914.35,0.90456657
914.4,0.90363937
914.45,0.90237383
914.5,0.9009497
914.55,0.89895702
914.6,0.89674051
914.65,0.89423912
914.7,0.89177493
914.75,0.88937409
914.8,0.88756671
914.85,0.88600089
914.9,0.88476862
914.95,0.88450951
915,0.88467253
915.05,0.88609218
915.1,0.88791507
915.15,0.89039588
915.2,0.89312696
915.25,0.89594884
915.3,0.89861408
915.35,0.90094405
915.4,0.90267797
915.45,0.90382718
915.5,0.90468526
915.55,0.90476143
915.6,0.9046691
915.65,0.90424968
915.7,0.90376525
915.75,0.90324732
915.8,0.90321032
915.85,0.90326962
915.9,0.90353071
915.95,0.90392444
916,0.90439948
916.05,0.90485344
916.1,0.90527747
916.15,0.90562801
916.2,0.90518513
916.25,0.90421331
916.3,0.902919
916.35,0.9015598
916.4,0.90008392
916.45,0.8986199
916.5,0.89716517
916.55,0.8956195
916.6,0.8942414
916.65,0.89358323
916.7,0.89300834
916.75,0.89251032
916.8,0.89259257
916.85,0.89279559
916.9,0.89305243
916.95,0.8932264
917,0.8933106
917.05,0.89322256
917.1,0.89295734
917.15,0.89153462
917.2,0.88970245
917.25,0.88730487
917.3,0.88511212
917.35,0.88301802
917.4,0.88134205
917.45,0.87982798
917.5,0.87857809
917.55,0.87848238
917.6,0.87888132
917.65,0.87958598
917.7,0.88056063
917.75,0.882109
917.8,0.88389177
917.85,0.8858064
917.9,0.88766558
917.95,0.88943549
918,0.89095788
918.05,0.89239894
918.1,0.89378112
918.15,0.8940221
918.2,0.89411168
918.25,0.89411403
918.3,0.8942883
918.35,0.89462126
918.4,0.89505576
918.45,0.89550455
918.5,0.89592678
918.55,0.89652146
918.6,0.89731859
918.65,0.89775131
918.7,0.89804545
918.75,0.89801733
918.8,0.89795425
918.85,0.89783876
918.9,0.89780552
918.95,0.89779706
919,0.89743497
919.05,0.89702742
919.1,0.89653162
919.15,0.89596126
919.2,0.89534895
919.25,0.89507268
919.3,0.89483003
919.35,0.8946432
919.4,0.8945841
919.45,0.89461748
919.5,0.89467195
919.55,0.89476953
919.6,0.89502809
919.65,0.89512016
919.7,0.89504574
919.75,0.89429273
919.8,0.89334604
919.85,0.89207136
919.9,0.89089565
919.95,0.88985662
920,0.88860916
920.05,0.88726732
920.1,0.88541745
920.15,0.88374749
920.2,0.88242679
920.25,0.88139584
920.3,0.88051416
920.35,0.88025002
920.4,0.88010767
920.45,0.88023872
920.5,0.88053794
920.55,0.88095893
920.6,0.88124116
920.65,0.8815363
920.7,0.8819764
920.75,0.88149675
920.8,0.8800207
920.85,0.87807211
920.9,0.87599206
920.95,0.87379213
921,0.87135519
921.05,0.86856274
921.1,0.86461465
921.15,0.86017128
921.2,0.85682154
921.25,0.85364994
921.3,0.85085688
921.35,0.84916958
921.4,0.84816003
921.45,0.84844457
921.5,0.84898881
921.55,0.85005485
921.6,0.85110412
921.65,0.8521379
921.7,0.85421934
921.75,0.85640774
921.8,0.85769419
921.85,0.85889559
921.9,0.85997955
921.95,0.86149055
922,0.86317389
922.05,0.86516396
922.1,0.86706132
922.15,0.8687617
922.2,0.87029839
922.25,0.87173476
922.3,0.87210397
922.35,0.87231166
922.4,0.87227569
922.45,0.87178406
922.5,0.87087185
922.55,0.86771444
922.6,0.86378365
922.65,0.85779552
922.7,0.85143874
922.75,0.84452899
922.8,0.83766146
922.85,0.83081202
922.9,0.82469307
922.95,0.81900525
923,0.81432341
923.05,0.81110232
923.1,0.80885508
923.15,0.80941603
923.2,0.81074326
923.25,0.81413996
923.3,0.81833829
923.35,0.82340505
923.4,0.82941434
923.45,0.83568656
923.5,0.84192533
923.55,0.84743061
923.6,0.8516319
923.65,0.8545772
923.7,0.85687547
923.75,0.85772386
923.8,0.85831422
923.85,0.8582788
923.9,0.85814243
923.95,0.85792006
924,0.85815163
924.05,0.85853893
924.1,0.85943412
924.15,0.86075679
924.2,0.86266981
924.25,0.86452855
924.3,0.86636619
924.35,0.86805879
924.4,0.86940899
924.45,0.86996022
924.5,0.86991656
924.55,0.86944211
924.6,0.86831792
924.65,0.86704445
924.7,0.86545242
924.75,0.86403539
924.8,0.86282377
924.85,0.86268718
924.9,0.86296177
924.95,0.8640396
925,0.86532429
925.05,0.86704855
925.1,0.8688087
925.15,0.87059085
925.2,0.87208342
925.25,0.87344992
925.3,0.87438871
925.35,0.87374696
925.4,0.87139296
925.45,0.86756522
925.5,0.86328277
925.55,0.85916767
925.6,0.8547282
925.65,0.84965904
925.7,0.84408842
925.75,0.83821045
925.8,0.83440928
925.85,0.83121652
925.9,0.82953432
925.95,0.82912054
926,0.83008086
926.05,0.83174887
926.1,0.83368668
926.15,0.83635024
926.2,0.83953991
926.25,0.84375085
926.3,0.84819276
926.35,0.85277624
926.4,0.85512808
926.45,0.85728127
926.5,0.85965899
926.55,0.86223768
926.6,0.86503409
926.65,0.86735579
926.7,0.86949048
926.75,0.87073478
926.8,0.87197266
926.85,0.87319689
926.9,0.87439633
926.95,0.87557923
927,0.87696995
927.05,0.87827046
927.1,0.87894859
927.15,0.87942384
927.2,0.87964088
927.25,0.87990425
927.3,0.88018564
927.35,0.88079646
927.4,0.88133703
927.45,0.88169694
927.5,0.88211669
927.55,0.88258345
927.6,0.88302741
927.65,0.8834362
927.7,0.88361898
927.75,0.88358404
927.8,0.88322249
927.85,0.88272806
927.9,0.88217109
927.95,0.88139705
928,0.8806467
928.05,0.87999999
928.1,0.87944261
928.15,0.8789677
928.2,0.87885619
928.25,0.87886102
928.3,0.87926519
928.35,0.87970529
928.4,0.88021514
928.45,0.88051891
928.5,0.88069637
928.55,0.88079519
928.6,0.88081029
928.65,0.88048382
928.7,0.87967717
928.75,0.87825939
928.8,0.87611855
928.85,0.87369652
928.9,0.87123965
928.95,0.8688683
929,0.86671688
929.05,0.86485578
929.1,0.86324198
929.15,0.86233934
929.2,0.8616521
929.25,0.86149835
929.3,0.86165341
929.35,0.86235748
929.4,0.86328675
929.45,0.86434269
929.5,0.86494612
929.55,0.86546866
929.6,0.86580196
929.65,0.86625994
929.7,0.86686429
929.75,0.86703543
929.8,0.86703811
929.85,0.86706643
929.9,0.86712938
929.95,0.86729087
930,0.86776335
930.05,0.86850076
930.1,0.86972301
930.15,0.87108251
930.2,0.87262646
930.25,0.87391516
930.3,0.87470837
930.35,0.87556576
930.4,0.87646249
930.45,0.87685664
930.5,0.87711386
930.55,0.87701203
930.6,0.87675323
930.65,0.87627767
930.7,0.87585701
930.75,0.87545986
930.8,0.87490977
930.85,0.8743937
930.9,0.87402086
930.95,0.87346954
931,0.87273973
931.05,0.87228359
931.1,0.87192277
931.15,0.87199804
931.2,0.87205624
931.25,0.87207462
931.3,0.87201521
931.35,0.87189469
931.4,0.8722288
931.45,0.87264706
931.5,0.87288527
931.55,0.87272688
931.6,0.87186341
931.65,0.87071481
931.7,0.86939144
931.75,0.86819391
931.8,0.86703518
931.85,0.86600946
931.9,0.86496904
931.95,0.86390659
932,0.86308143
932.05,0.86236793
932.1,0.8626496
932.15,0.86316228
932.2,0.86434495
932.25,0.86536682
932.3,0.8661999
932.35,0.86704812
932.4,0.86790221
932.45,0.86898223
932.5,0.86987818
932.55,0.87017667
932.6,0.87008589
932.65,0.86960583
932.7,0.86920649
932.75,0.86884153
932.8,0.86891182
932.85,0.86912526
932.9,0.8697068
932.95,0.87046735
933,0.87138038
933.05,0.87231489
933.1,0.87323208
933.15,0.87379377
933.2,0.87409008
933.25,0.87382245
933.3,0.87331347
933.35,0.87262971
933.4,0.87182437
933.45,0.87096914
933.5,0.86987334
933.55,0.86881028
933.6,0.8678054
933.65,0.86709124
933.7,0.86657088
933.75,0.86674267
933.8,0.86707328
933.85,0.86774235
933.9,0.86851255
933.95,0.86944775
934,0.87057703
934.05,0.87181548
934.1,0.87276704
934.15,0.87355904
934.2,0.87361121
934.25,0.87342433
934.3,0.87287887
934.35,0.8719148
934.4,0.87073507
934.45,0.86943074
934.5,0.86815859
934.55,0.86712813
934.6,0.86618328
934.65,0.86535667
934.7,0.86466977
934.75,0.86405485
934.8,0.86281095
934.85,0.86150576
934.9,0.86016597
934.95,0.85907375
935,0.85832342
935.05,0.85752238
935.1,0.85669749
935.15,0.85576937
935.2,0.8549637
935.25,0.85475676
935.3,0.85480253
935.35,0.85519727
935.4,0.8558381
935.45,0.85659474
935.5,0.85728206
935.55,0.85794784
935.6,0.85854292
935.65,0.85901905
935.7,0.8593309
935.75,0.85881522
935.8,0.85791011
935.85,0.85616478
935.9,0.85438614
935.95,0.85278863
936,0.85109854
936.05,0.84928062
936.1,0.84777515
936.15,0.84643066
936.2,0.84620967
936.25,0.84621332
936.3,0.84688339
936.35,0.84778767
936.4,0.84904324
936.45,0.85067707
936.5,0.85250575
936.55,0.85481168
936.6,0.85717393
936.65,0.85955649
936.7,0.86158918
936.75,0.86309705
936.8,0.86413151
936.85,0.86489967
936.9,0.86557441
936.95,0.86617253
937,0.86630227
937.05,0.86585238
937.1,0.8644568
937.15,0.86294494
937.2,0.86136182
937.25,0.86000746
937.3,0.85869155
937.35,0.85738654
937.4,0.85622082
937.45,0.85532548
937.5,0.85491004
937.55,0.85484212
937.6,0.85536364
937.65,0.85607392
937.7,0.85746696
937.75,0.85881734
937.8,0.86007709
937.85,0.86110129
937.9,0.8619404
937.95,0.86275459
938,0.86354148
938.05,0.86382263
938.1,0.86378519
938.15,0.86292849
938.2,0.86195028
938.25,0.86085989
938.3,0.85996728
938.35,0.85913712
938.4,0.85891051
938.45,0.85873208
938.5,0.85870626
938.55,0.85852859
938.6,0.85818642
938.65,0.85796755
938.7,0.85780151
938.75,0.85775426
938.8,0.8575993
938.85,0.85691915
938.9,0.8561423
938.95,0.85523193
939,0.85446474
939.05,0.85377131
939.1,0.85307373
939.15,0.85237775
939.2,0.85169439
939.25,0.85103732
939.3,0.85042698
939.35,0.8500067
939.4,0.84971314
939.45,0.84982234
939.5,0.85001389
939.55,0.85027017
939.6,0.85059778
939.65,0.85109182
939.7,0.85190056
939.75,0.85297737
939.8,0.85397843
939.85,0.85495814
939.9,0.85497037
939.95,0.85488553
940,0.85449328
940.05,0.85404646
940.1,0.85354052
940.15,0.85272561
940.2,0.85177828
940.25,0.84992408
940.3,0.84776796
940.35,0.84450011
940.4,0.84119549
940.45,0.83783569
940.5,0.83488198
940.55,0.83215669
940.6,0.82940031
940.65,0.82669878
940.7,0.8245366
940.75,0.82287469
940.8,0.82227585
940.85,0.8224137
940.9,0.82313037
940.95,0.82455685
941,0.82618286
941.05,0.82777642
941.1,0.82876432
941.15,0.82783428
941.2,0.82569006
941.25,0.8222305
941.3,0.81722378
941.35,0.81155401
941.4,0.8044405
941.45,0.79728312
941.5,0.79055444
941.55,0.78466694
941.6,0.78015189
941.65,0.77824725
941.7,0.77808288
941.75,0.78200271
941.8,0.78682512
941.85,0.79360017
941.9,0.80051649
941.95,0.80779609
942,0.81528741
942.05,0.82297416
942.1,0.83000567
942.15,0.83680697
942.2,0.84052305
942.25,0.84365054
942.3,0.8446823
942.35,0.84534689
942.4,0.84550442
942.45,0.84606653
942.5,0.8468562
942.55,0.84795695
942.6,0.84909396
942.65,0.85006563
942.7,0.85097705
942.75,0.85174789
942.8,0.85247138
942.85,0.85315116
942.9,0.85326622
942.95,0.85320295
943,0.85169213
943.05,0.84996407
943.1,0.84748519
943.15,0.8450401
943.2,0.84264167
943.25,0.84040791
943.3,0.83826678
943.35,0.83652946
943.4,0.83489776
943.45,0.83372481
943.5,0.83262306
943.55,0.83168744
943.6,0.8306112
943.65,0.82940516
943.7,0.82803192
943.75,0.82659995
943.8,0.82512087
943.85,0.82369939
943.9,0.82254925
943.95,0.82165472
944,0.8211436
944.05,0.82128697
944.1,0.82186667
944.15,0.82303255
944.2,0.82434667
944.25,0.82613016
944.3,0.82797166
944.35,0.82997824
944.4,0.83183364
944.45,0.83352528
944.5,0.83431083
944.55,0.83470804
944.6,0.83412752
944.65,0.83338714
944.7,0.83227121
944.75,0.83134461
944.8,0.83078552
944.85,0.83059388
944.9,0.83069094
944.95,0.83130525
945,0.8320829
945.05,0.83371376
945.1,0.83539233
945.15,0.8371921
945.2,0.83852461
945.25,0.8391562
945.3,0.83941991
945.35,0.83945815
945.4,0.83946617
945.45,0.83945379
945.5,0.83908981
945.55,0.83869123
945.6,0.83819419
945.65,0.8378468
945.7,0.83767508
945.75,0.8378727
945.8,0.83824412
945.85,0.83946132
945.9,0.8407981
945.95,0.84236534
946,0.84366161
946.05,0.84438208
946.1,0.84458165
946.15,0.84430038
946.2,0.84356468
946.25,0.84266931
946.3,0.84127914
946.35,0.83980033
946.4,0.83802201
946.45,0.83630096
946.5,0.83468174
946.55,0.83374819
946.6,0.83335338
946.65,0.83395609
946.7,0.83484017
946.75,0.8359565
946.8,0.83707971
946.85,0.83821145
946.9,0.83949192
946.95,0.84099547
947,0.84251496
947.05,0.8440451
947.1,0.84475862
947.15,0.84527192
947.2,0.84475736
947.25,0.84423713
947.3,0.84369683
947.35,0.84332548
947.4,0.84316918
947.45,0.84291863
947.5,0.84261507
947.55,0.84218403
947.6,0.84174047
947.65,0.84157908
947.7,0.84148942
947.75,0.84162689
947.8,0.84177325
947.85,0.84193007
947.9,0.84195357
947.95,0.84190841
948,0.84191127
948.05,0.84194863
948.1,0.8424039
948.15,0.84285608
948.2,0.84329949
948.25,0.84352101
948.3,0.84348204
948.35,0.84327402
948.4,0.84297891
948.45,0.84276289
948.5,0.84255716
948.55,0.84231113
948.6,0.8419614
948.65,0.84131648
948.7,0.84064458
948.75,0.839941
948.8,0.83959078
948.85,0.8394226
948.9,0.83964938
948.95,0.8399506
949,0.84041093
949.05,0.84092641
949.1,0.84159886
949.15,0.84233853
949.2,0.84315711
949.25,0.84373738
949.3,0.84419488
949.35,0.84403762
949.4,0.84375528
949.45,0.84308102
949.5,0.84236363
949.55,0.84152349
949.6,0.84064371
949.65,0.83971739
949.7,0.83901413
949.75,0.83843634
949.8,0.83835237
949.85,0.8383748
949.9,0.8386935
949.95,0.83898296
950,0.83917986
950.05,0.83934356
950.1,0.8394614
950.15,0.83945577
950.2,0.83937445
950.25,0.83849741
950.3,0.83743164
950.35,0.83567725
950.4,0.83396388
950.45,0.83241455
950.5,0.83100379
950.55,0.82980087
950.6,0.82874414
950.65,0.82778489
950.7,0.82730095
950.75,0.82695107
950.8,0.8272315
950.85,0.82758236
950.9,0.8281955
950.95,0.82880744
951,0.82941724
951.05,0.82984955
951.1,0.8301424
951.15,0.83040217
951.2,0.83065032
951.25,0.83084398
951.3,0.83102934
951.35,0.83117932
951.4,0.83138162
951.45,0.83169511
951.5,0.8320631
951.55,0.83248557
951.6,0.83292863
951.65,0.83338049
951.7,0.8339043
951.75,0.83438768
951.8,0.83429328
951.85,0.83401579
951.9,0.83321721
951.95,0.83250633
952,0.83190706
952.05,0.83141807
952.1,0.8309911
952.15,0.83064924
952.2,0.83032606
952.25,0.83050988
952.3,0.83081705
952.35,0.83161764
952.4,0.83241463
952.45,0.83320573
952.5,0.83375438
952.55,0.83411252
952.6,0.8341581
952.65,0.83410497
952.7,0.83336685
952.75,0.83248141
952.8,0.83083636
952.85,0.8291188
952.9,0.82723206
952.95,0.82563355
953,0.82432329
953.05,0.82340497
953.1,0.82267111
953.15,0.82245693
953.2,0.82234463
953.25,0.82264693
953.3,0.82296936
953.35,0.82336316
953.4,0.82359672
953.45,0.82358989
953.5,0.82323096
953.55,0.82261705
953.6,0.8219531
953.65,0.82127334
953.7,0.8204555
953.75,0.81962519
953.8,0.81877246
953.85,0.81805472
953.9,0.81762382
953.95,0.8173645
954,0.81727676
954.05,0.81711769
954.1,0.81692504
954.15,0.81618679
954.2,0.81530227
954.25,0.81303872
954.3,0.81030552
954.35,0.80569368
954.4,0.80029117
954.45,0.79359862
954.5,0.78649956
954.55,0.77908109
954.6,0.77199913
954.65,0.76503542
954.7,0.7594875
954.75,0.75433001
954.8,0.75157848
954.85,0.74974576
954.9,0.7502757
954.95,0.75211072
955,0.7554778
955.05,0.75995374
955.1,0.76510931
955.15,0.77089606
955.2,0.7768406
955.25,0.78293224
955.3,0.78887074
955.35,0.79398957
955.4,0.79854717
955.45,0.80191217
955.5,0.80472477
955.55,0.80698497
955.6,0.80902017
955.65,0.81094949
955.7,0.81262725
955.75,0.81425845
955.8,0.81561528
955.85,0.81688096
955.9,0.81778206
955.95,0.8186363
956,0.81940725
956.05,0.82009956
956.1,0.82072487
956.15,0.82099043
956.2,0.82111609
956.25,0.82099942
956.3,0.82086682
956.35,0.82100241
956.4,0.82119013
956.45,0.82156268
956.5,0.8219102
956.55,0.82222019
956.6,0.82249178
956.65,0.82273319
956.7,0.82258345
956.75,0.82229627
956.8,0.82135894
956.85,0.82030579
956.9,0.81875143
956.95,0.8170766
957,0.81502027
957.05,0.81291492
957.1,0.81074187
957.15,0.80864948
957.2,0.80661551
957.25,0.80507204
957.3,0.80370091
957.35,0.80343465
957.4,0.80333057
957.45,0.80398659
957.5,0.80479633
957.55,0.80609286
957.6,0.80760507
957.65,0.80941512
957.7,0.81136058
957.75,0.81340409
957.8,0.81524496
957.85,0.81701464
957.9,0.81843049
957.95,0.81979128
958,0.8208728
958.05,0.82194188
958.1,0.82297152
958.15,0.82390513
958.2,0.82469469
958.25,0.82521602
958.3,0.8255266
958.35,0.82554266
958.4,0.82545524
958.45,0.82521284
958.5,0.82495432
958.55,0.82471292
958.6,0.82443327
958.65,0.82401802
958.7,0.82358368
958.75,0.8231182
958.8,0.82268223
958.85,0.82227139
958.9,0.82200001
958.95,0.82178841
959,0.82176286
959.05,0.8217707
959.1,0.82193052
959.15,0.82210246
959.2,0.82232962
959.25,0.82260725
959.3,0.82298286
959.35,0.82325251
959.4,0.82341619
959.45,0.82331214
959.5,0.82307017
959.55,0.82267071
959.6,0.82223668
959.65,0.82166635
959.7,0.82103034
959.75,0.82000798
959.8,0.8189078
959.85,0.81762605
959.9,0.81647301
959.95,0.81547107
960,0.81451225
960.05,0.81357985
960.1,0.81236739
960.15,0.81107594
960.2,0.80973095
960.25,0.80842233
960.3,0.80758541
960.35,0.80676345
960.4,0.80598889
960.45,0.8050744
960.5,0.80395001
960.55,0.80295731
960.6,0.80207679
960.65,0.80177305
960.7,0.8017165
960.75,0.80194664
960.8,0.80223055
960.85,0.80286307
960.9,0.80362737
960.95,0.80508357
961,0.80675788
961.05,0.80889567
961.1,0.81108217
961.15,0.81332144
961.2,0.81546596
961.25,0.81755241
961.3,0.81925428
961.35,0.82084767
961.4,0.82205639
961.45,0.82317704
961.5,0.82366961
961.55,0.82397982
961.6,0.82371257
961.65,0.82329805
961.7,0.82264323
961.75,0.82184686
961.8,0.82092992
961.85,0.81947367
961.9,0.81776363
961.95,0.81555448
962,0.81325026
962.05,0.81134357
962.1,0.80945358
962.15,0.80762654
962.2,0.80582182
962.25,0.80407448
962.3,0.80249278
962.35,0.80113981
962.4,0.80010846
962.45,0.79930999
962.5,0.79851742
962.55,0.79772714
962.6,0.79729351
962.65,0.79692761
962.7,0.79703543
962.75,0.79725645
962.8,0.79807182
962.85,0.79895343
962.9,0.79998959
962.95,0.80135866
963,0.80311853
963.05,0.80504251
963.1,0.80707589
963.15,0.80834086
963.2,0.80933583
963.25,0.80956424
963.3,0.80969226
963.35,0.80991963
963.4,0.80994023
963.45,0.8090189
963.5,0.80766117
963.55,0.80537606
963.6,0.80298447
963.65,0.80046787
963.7,0.79860511
963.75,0.79717824
963.8,0.79634432
963.85,0.79571873
963.9,0.79535765
963.95,0.79505122
964,0.79535119
964.05,0.79587305
964.1,0.79740577
964.15,0.79907057
964.2,0.80101602
964.25,0.80278568
964.3,0.80434897
964.35,0.80577467
964.4,0.80710866
964.45,0.80814085
964.5,0.809067
964.55,0.80946997
964.6,0.80978756
964.65,0.80941818
964.7,0.80893996
964.75,0.80789033
964.8,0.80683087
964.85,0.80574848
964.9,0.8049226
964.95,0.80442319
965,0.8041409
965.05,0.8040292
965.1,0.80358808
965.15,0.80300577
965.2,0.80233083
965.25,0.80163825
965.3,0.80137903
965.35,0.80111385
965.4,0.8007401
965.45,0.80014858
965.5,0.79893726
965.55,0.79735546
965.6,0.79516917
965.65,0.79294172
965.7,0.79067627
965.75,0.78854342
965.8,0.78647888
965.85,0.78453778
965.9,0.78262753
965.95,0.7811871
966,0.77987223
966.05,0.77988445
966.1,0.78024028
966.15,0.78197053
966.2,0.78395342
966.25,0.78647314
966.3,0.78905087
966.35,0.7916967
966.4,0.79447568
966.45,0.79734344
966.5,0.80033874
966.55,0.80338364
966.6,0.80529931
966.65,0.80703116
966.7,0.80751379
966.75,0.8079011
966.8,0.80777627
966.85,0.80761246
966.9,0.80733771
966.95,0.80701102
967,0.80659957
967.05,0.80607974
967.1,0.80545985
967.15,0.8047328
967.2,0.80394547
967.25,0.80277041
967.3,0.8014729
967.35,0.79980282
967.4,0.79809037
967.45,0.79633101
967.5,0.79462399
967.55,0.79319175
967.6,0.79185948
967.65,0.79078426
967.7,0.78997019
967.75,0.78954782
967.8,0.78964091
967.85,0.79017311
967.9,0.79118264
967.95,0.79243806
968,0.79401103
968.05,0.79567357
968.1,0.79728951
968.15,0.7989032
968.2,0.80055992
968.25,0.80215267
968.3,0.80340957
968.35,0.80444694
968.4,0.8049721
968.45,0.80529331
968.5,0.8053329
968.55,0.80524852
968.6,0.80505856
968.65,0.8044622
968.7,0.8036565
968.75,0.80246109
968.8,0.80115578
968.85,0.79992529
968.9,0.79870031
968.95,0.79740796
969,0.79613816
969.05,0.79498678
969.1,0.79394186
969.15,0.79317073
969.2,0.79282477
969.25,0.79311658
969.3,0.79368336
969.35,0.79450394
969.4,0.79542546
969.45,0.79640376
969.5,0.79740258
969.55,0.79840787
969.6,0.79961565
969.65,0.80085103
969.7,0.80178449
969.75,0.80265657
969.8,0.80307853
969.85,0.80345279
969.9,0.80367599
969.95,0.80374792
970,0.80355091
970.05,0.80325953
970.1,0.80286592
970.15,0.80238319
970.2,0.80184104
970.25,0.80108214
970.3,0.80023893
970.35,0.79874087
970.4,0.79709906
970.45,0.79520086
970.5,0.79332781
970.55,0.79210513
970.6,0.79092454
970.65,0.78993573
970.7,0.78896078
970.75,0.78801818
970.8,0.78738051
970.85,0.78720024
970.9,0.78768503
970.95,0.78878374
971,0.79001449
971.05,0.79131951
971.1,0.79258525
971.15,0.79383858
971.2,0.79519209
971.25,0.79656192
971.3,0.79785446
971.35,0.79906636
971.4,0.79956669
971.45,0.79994968
971.5,0.79986337
971.55,0.79973178
971.6,0.79950397
971.65,0.79916598
971.7,0.79868777
971.75,0.79824474
971.8,0.79783167
971.85,0.79763908
971.9,0.79756009
971.95,0.79756542
972,0.79759739
972.05,0.79751478
972.1,0.79741654
972.15,0.79741997
972.2,0.79745058
972.25,0.79770719
972.3,0.79795786
972.35,0.7981848
972.4,0.79832871
972.45,0.7982962
972.5,0.79814105
972.55,0.79781655
972.6,0.79733603
972.65,0.79672261
972.7,0.7958749
972.75,0.79489541
972.8,0.79381188
972.85,0.79269181
972.9,0.79156166
972.95,0.79042986
973,0.78959921
973.05,0.78881413
973.1,0.78854633
973.15,0.78837263
973.2,0.78862763
973.25,0.78887783
973.3,0.78911572
973.35,0.78946165
973.4,0.78998384
973.45,0.79039334
973.5,0.79068075
973.55,0.79019808
973.6,0.78920202
973.65,0.78704779
973.7,0.78439721
973.75,0.78203436
973.8,0.77974343
973.85,0.77761675
973.9,0.7755158
973.95,0.7737812
974,0.77215889
974.05,0.77136003
974.1,0.7709796
974.15,0.77208269
974.2,0.77328837
974.25,0.7747121
974.3,0.77623659
974.35,0.77790026
974.4,0.77936412
974.45,0.78064354
974.5,0.7815469
974.55,0.78221978
974.6,0.78215428
974.65,0.78180164
974.7,0.78148054
974.75,0.78116638
974.8,0.78076519
974.85,0.78036073
974.9,0.7801668
974.95,0.78011081
975,0.78106637
975.05,0.78228234
975.1,0.78442159
975.15,0.78643189
975.2,0.7881682
975.25,0.78970182
975.3,0.79095556
975.35,0.79224959
975.4,0.79358081
975.45,0.79462638
975.5,0.79549687
975.55,0.79570492
975.6,0.79562907
975.65,0.79516974
975.7,0.79461455
975.75,0.79404732
975.8,0.79347877
975.85,0.79289418
975.9,0.79232569
975.95,0.79190213
976,0.79143929
976.05,0.79079752
976.1,0.78991888
976.15,0.78843117
976.2,0.78671217
976.25,0.78461579
976.3,0.78262534
976.35,0.78074963
976.4,0.77886437
976.45,0.7769716
976.5,0.77526252
976.55,0.77364805
976.6,0.77265769
976.65,0.77188661
976.7,0.77223594
976.75,0.77279868
976.8,0.77369194
976.85,0.77460536
976.9,0.77547323
976.95,0.77635975
977,0.77738304
977.05,0.77841382
977.1,0.7794746
977.15,0.78041751
977.2,0.78108542
977.25,0.78164716
977.3,0.78203568
977.35,0.78263521
977.4,0.78346335
977.45,0.7844831
977.5,0.78565341
977.55,0.78698982
977.6,0.78841181
977.65,0.78965862
977.7,0.79084388
977.75,0.79171226
977.8,0.79252029
977.85,0.79269063
977.9,0.79279341
977.95,0.79230267
978,0.79176582
978.05,0.79081395
978.1,0.78972793
978.15,0.78803075
978.2,0.78625294
978.25,0.78426778
978.3,0.78236087
978.35,0.78059306
978.4,0.77888854
978.45,0.77726457
978.5,0.77524714
978.55,0.77286651
978.6,0.77059403
978.65,0.76838785
978.7,0.76686056
978.75,0.76562421
978.8,0.76487293
978.85,0.76425845
978.9,0.76373494
978.95,0.76322623
979,0.76376281
979.05,0.76442425
979.1,0.76648076
979.15,0.76857585
979.2,0.77095386
979.25,0.77327582
979.3,0.77537356
979.35,0.7774599
979.4,0.77951692
979.45,0.78149207
979.5,0.7833217
979.55,0.78470459
979.6,0.78551892
979.65,0.78582646
979.7,0.78566621
979.75,0.78497293
979.8,0.78392429
979.85,0.78236721
979.9,0.78057085
979.95,0.77901644
980,0.77753843
980.05,0.77623454
980.1,0.77496381
980.15,0.77390763
980.2,0.77287011
980.25,0.7722424
980.3,0.77173454
980.35,0.77260491
980.4,0.77354093
980.45,0.77482163
980.5,0.77612023
980.55,0.77747549
980.6,0.77878658
980.65,0.78000382
980.7,0.78129883
980.75,0.7827207
980.8,0.78375801
980.85,0.78434386
980.9,0.78458106
980.95,0.78452126
981,0.78429065
981.05,0.78395535
981.1,0.78367522
981.15,0.78341873
981.2,0.78316624
981.25,0.78291502
981.3,0.78278505
981.35,0.78267818
981.4,0.78256029
981.45,0.78244143
981.5,0.78254109
981.55,0.78264374
981.6,0.78272353
981.65,0.78281317
981.7,0.7829633
981.75,0.78309873
981.8,0.78317535
981.85,0.78320147
981.9,0.78309777
981.95,0.78285202
982,0.78235374
982.05,0.78190703
982.1,0.78153153
982.15,0.78113337
982.2,0.78071254
982.25,0.78018503
982.3,0.7795737
982.35,0.77894697
982.4,0.77831158
982.45,0.77802542
982.5,0.77788893
982.55,0.7777123
982.6,0.77752435
982.65,0.7772486
982.7,0.77695612
982.75,0.77687535
982.8,0.776813
982.85,0.77708554
982.9,0.77735859
982.95,0.7774796
983,0.7775653
983.05,0.777392
983.1,0.77717329
983.15,0.77674775
983.2,0.77619221
983.25,0.77522501
983.3,0.77427139
983.35,0.7733466
983.4,0.77242042
983.45,0.77149197
983.5,0.77067188
983.55,0.76998969
983.6,0.76945892
983.65,0.76906792
983.7,0.76924511
983.75,0.76983375
983.8,0.77070373
983.85,0.77173195
983.9,0.77283763
983.95,0.77397651
984,0.77464374
984.05,0.77517795
984.1,0.77525235
984.15,0.77523917
984.2,0.77502253
984.25,0.77478328
984.3,0.77421095
984.35,0.77362091
984.4,0.77284318
984.45,0.77209102
984.5,0.77163302
984.55,0.7713195
984.6,0.77189347
984.65,0.77250218
984.7,0.77324989
984.75,0.77391364
984.8,0.77433846
984.85,0.7747328
984.9,0.77506237
984.95,0.77541462
985,0.77580384
985.05,0.77599367
985.1,0.77592972
985.15,0.77563682
985.2,0.77511497
985.25,0.77459517
985.3,0.77407699
985.35,0.77372395
985.4,0.77347213
985.45,0.77334414
985.5,0.77327442
985.55,0.77326821
985.6,0.77328432
985.65,0.7733088
985.7,0.77333536
985.75,0.77352034
985.8,0.77373111
985.85,0.77376072
985.9,0.77377458
985.95,0.77304407
986,0.77226675
986.05,0.77071506
986.1,0.76918626
986.15,0.76792081
986.2,0.76666602
986.25,0.76547667
986.3,0.76427795
986.35,0.76303658
986.4,0.76195546
986.45,0.76138181
986.5,0.76124867
986.55,0.76214338
986.6,0.76314629
986.65,0.76434159
986.7,0.76556903
986.75,0.76684468
986.8,0.76817223
986.85,0.76956072
986.9,0.77087446
986.95,0.77211347
987,0.77245723
987.05,0.7720976
987.1,0.77106008
987.15,0.7696071
987.2,0.76821055
987.25,0.76684306
987.3,0.76545281
987.35,0.7640537
987.4,0.76278362
987.45,0.76155429
987.5,0.76096679
987.55,0.76052018
987.6,0.76135488
987.65,0.76239816
987.7,0.76377758
987.75,0.76518624
987.8,0.76667313
987.85,0.76815733
987.9,0.76934999
987.95,0.77052708
988,0.77146025
988.05,0.77231034
988.1,0.77241274
988.15,0.77241015
988.2,0.77185631
988.25,0.77126871
988.3,0.77054602
988.35,0.76987631
988.4,0.76937433
988.45,0.76902476
988.5,0.76903081
988.55,0.76897945
988.6,0.76881665
988.65,0.76832104
988.7,0.76728242
988.75,0.76578196
988.8,0.76364371
988.85,0.76131557
988.9,0.75878169
988.95,0.75613739
989,0.75339117
989.05,0.75079142
989.1,0.74830676
989.15,0.7463883
989.2,0.74484731
989.25,0.74459453
989.3,0.74506637
989.35,0.74665619
989.4,0.74872514
989.45,0.75135902
989.5,0.75419139
989.55,0.75694214
989.6,0.75966988
989.65,0.76169303
989.7,0.76356152
989.75,0.76380068
989.8,0.76377461
989.85,0.76291369
989.9,0.76196002
989.95,0.76026634
990,0.75852543
990.05,0.75664952
990.1,0.75478053
990.15,0.75338612
990.2,0.75210911
990.25,0.75267139
990.3,0.75327645
990.35,0.75426653
990.4,0.75527654
990.45,0.75640904
990.5,0.75758945
990.55,0.75898816
990.6,0.76046213
990.65,0.762203
990.7,0.7637249
990.75,0.76455336
990.8,0.76520085
990.85,0.76538296
990.9,0.76557948
990.95,0.76580664
991,0.76576607
991.05,0.76524951
991.1,0.76435566
991.15,0.76289586
991.2,0.76150094
991.25,0.76019561
991.3,0.75891077
991.35,0.75764999
991.4,0.75631048
991.45,0.75489226
991.5,0.75367224
991.55,0.75262105
991.6,0.7525865
991.65,0.75335073
991.7,0.75445304
991.75,0.75578074
991.8,0.7572347
991.85,0.75875969
991.9,0.76035886
991.95,0.76199626
992,0.76368585
992.05,0.76539781
992.1,0.76628587
992.15,0.76688444
992.2,0.76682837
992.25,0.76656558
992.3,0.76603749
992.35,0.76544309
992.4,0.76474816
992.45,0.76403117
992.5,0.76337199
992.55,0.76272222
992.6,0.76230269
992.65,0.76191457
992.7,0.7618102
992.75,0.76173051
992.8,0.76184792
992.85,0.7619779
992.9,0.76186854
992.95,0.76174919
993,0.76141676
993.05,0.76108517
993.1,0.76079492
993.15,0.7604927
993.2,0.76000288
993.25,0.75949727
993.3,0.75881007
993.35,0.75815869
993.4,0.7578296
993.45,0.75759019
993.5,0.75790165
993.55,0.75822918
993.6,0.75864111
993.65,0.75907068
993.7,0.75958056
993.75,0.76014366
993.8,0.76089548
993.85,0.76160325
993.9,0.76217153
993.95,0.76261572
994,0.76270672
994.05,0.76272638
994.1,0.7625626
994.15,0.76234596
994.2,0.76200598
994.25,0.76159449
994.3,0.76104417
994.35,0.76053685
994.4,0.76010597
994.45,0.75976724
994.5,0.75957885
994.55,0.75939353
994.6,0.75921283
994.65,0.75902954
994.7,0.75884268
994.75,0.75873116
994.8,0.75871552
994.85,0.75865909
994.9,0.75855477
994.95,0.75829542
995,0.75786813
995.05,0.75741803
995.1,0.75694512
995.15,0.75653992
995.2,0.75619722
995.25,0.75590379
995.3,0.75565234
995.35,0.75541064
995.4,0.75517662
995.45,0.75514418
995.5,0.75525772
995.55,0.75546661
995.6,0.75573907
995.65,0.75605316
995.7,0.75639276
995.75,0.75661001
995.8,0.75675844
995.85,0.75687633
995.9,0.75697705
995.95,0.75689168
996,0.75671045
996.05,0.75656442
996.1,0.75643497
996.15,0.75626388
996.2,0.75607496
996.25,0.75590859
996.3,0.75575098
996.35,0.75564317
996.4,0.75555472
996.45,0.75568932
996.5,0.75590229
996.55,0.7560446
996.6,0.75616459
996.65,0.75626213
996.7,0.75635258
996.75,0.75639705
996.8,0.75642855
996.85,0.75653286
996.9,0.75665539
996.95,0.75663783
997,0.75658526
997.05,0.75654361
997.1,0.75650436
997.15,0.75642323
997.2,0.75633413
997.25,0.75633254
997.3,0.75634763
997.35,0.7563329
997.4,0.75631332
997.45,0.75621554
997.5,0.75610503
997.55,0.75588161
997.6,0.75564279
997.65,0.75541629
997.7,0.75519147
997.75,0.75501434
997.8,0.75484251
997.85,0.75458931
997.9,0.75432707
997.95,0.75425398
998,0.75419735
998.05,0.75410243
998.1,0.75400418
998.15,0.7539352
998.2,0.75386877
998.25,0.75379533
998.3,0.75372143
998.35,0.75361462
998.4,0.75350571
998.45,0.7529997
998.5,0.75246834
998.55,0.75208043
998.6,0.7516985
998.65,0.75149682
998.7,0.75130265
998.75,0.75111153
998.8,0.75092053
998.85,0.75072394
998.9,0.75052724
998.95,0.75085371
999,0.75119086
999.05,0.75140766
999.1,0.751622
999.15,0.75131117
999.2,0.75098962
999.25,0.75074176
999.3,0.7504954
999.35,0.75033523
999.4,0.75017505
999.45,0.74961145
999.5,0.74904784
999.55,0.74815692
999.6,0.747266
999.65,0.74719615
999.7,0.74712631
999.75,0.74713816
999.8,0.74715002
999.85,0.74706748
999.9,0.74698495
999.95,0.74689125
